id,lastpage,startdate,datestamp,randnumber,case1a1,case1a2,case1a3,case1a4,case1a5,case1a6,case1a7,case1a8,case1a9,case1b1,case1b2,case1b3,case1b4,case1b5,case1b6,case1b7,case1b8,case1b9,case1c1,case1c2,case1c3,case1c4,case1c5,case1c6,case1c7,case1c8,case1c9,case1d1,case1d2,case1d3,case1d4,case1d5,case1d6,case1d7,case1d8,case1d9,kontrolle1,kontrolle2b,wuerde,mitbewohner,wohnraum,alter,geschlecht,einkommen,bildung,bundesland,politik
1,3,2026-03-25 20:00:12,2026-03-25 20:00:33,3,,,,,,,,,,,,,,,,,,,,,,,,,,,,,,,,,,,,,,,,,,,,,,,
2,2,2026-03-25 20:03:51,2026-03-25 20:03:51,4,,,,,,,,,,,,,,,,,,,,,,,,,,,,,,,,,,,,,,,,,,,,,,,
3,2,2026-03-25 20:04:10,2026-03-25 20:04:10,2,,,,,,,,,,,,,,,,,,,,,,,,,,,,,,,,,,,,,,,,,,,,,,,
4,13,2026-03-25 20:04:28,2026-03-25 20:07:40,3,,,,,,,,,,,,,,,,,,,-80.0,-60.0,-40.0,-20.0,0.0,20.0,40.0,60.0,80.0,,,,,,,,,,7.0,1.0,50.0,1.0,42.0,29.0,1.0,2300.0,8.0,10.0,3.0
5,10,2026-03-25 20:05:09,2026-03-25 20:07:37,4,,,,,,,,,,,,,,,,,,,,,,,,,,,,0.0,0.0,0.0,0.0,0.0,0.0,0.0,0.0,0.0,7.0,0.0,,,,,,,,,
6,13,2026-03-25 20:06:37,2026-03-25 20:11:53,4,,,,,,,,,,,,,,,,,,,,,,,,,,,,-3.0,-3.0,-3.0,-1.0,0.0,-1.0,-2.0,-3.0,-1.0,7.0,1.0,40.0,3.0,120.0,43.0,3.0,4400.0,5.0,9.0,5.0
7,13,2026-03-25 20:08:56,2026-03-25 20:18:38,4,,,,,,,,,,,,,,,,,,,,,,,,,,,,-1000000000000000.0,-10000000000.0,-10000.0,0.0,-10.0,-100.0,-10000.0,-1000000.0,-1000000.0,7.0,1.0,50.0,2.0,120.0,35.0,3.0,3100.0,8.0,9.0,3.0
8,3,2026-03-25 20:10:07,2026-03-25 20:11:53,1,,,,,,,,,,,,,,,,,,,,,,,,,,,,,,,,,,,,,,,,,,,,,,,
9,13,2026-03-25 20:11:24,2026-03-25 20:15:39,3,,,,,,,,,,,,,,,,,,,-8.0,-6.0,-4.0,-2.0,0.0,2.0,4.0,6.0,8.0,,,,,,,,,,7.0,1.0,40.0,3.0,100.0,27.0,1.0,600.0,7.0,10.0,2.0
10,13,2026-03-25 20:26:56,2026-03-25 20:31:24,3,,,,,,,,,,,,,,,,,,,-80.0,-60.0,-40.0,-20.0,0.0,20.0,40.0,60.0,80.0,,,,,,,,,,7.0,1.0,30.0,2.0,70.0,28.0,3.0,2900.0,8.0,1.0,3.0
11,13,2026-03-25 20:37:43,2026-03-25 20:43:13,4,,,,,,,,,,,,,,,,,,,,,,,,,,,,0.0,0.0,0.0,0.0,0.0,0.0,0.0,0.0,0.0,7.0,1.0,25.0,2.0,130.0,74.0,3.0,2500.0,6.0,1.0,5.0
12,10,2026-03-25 20:46:00,2026-03-25 20:47:48,4,,,,,,,,,,,,,,,,,,,,,,,,,,,,60.0,60.0,50.0,30.0,80.0,20.0,20.0,60.0,80.0,7.0,0.0,,,,,,,,,
13,3,2026-03-25 20:52:55,2026-03-25 20:53:03,3,,,,,,,,,,,,,,,,,,,,,,,,,,,,,,,,,,,,,,,,,,,,,,,
14,5,2026-03-25 21:00:22,2026-03-25 21:00:32,2,,,,,,,,,,,,,,,,,,,,,,,,,,,,,,,,,,,,,,,,,,,,,,,
15,5,2026-03-25 21:00:22,2026-03-25 21:00:39,2,,,,,,,,,,,,,,,,,,,,,,,,,,,,,,,,,,,,,,,,,,,,,,,
16,13,2026-03-25 21:02:22,2026-03-25 21:10:14,2,,,,,,,,,,-80.0,-60.0,-40.0,-20.0,0.0,20.0,40.0,60.0,80.0,,,,,,,,,,,,,,,,,,,7.0,1.0,25.0,1.0,52.0,34.0,3.0,2898.0,7.0,10.0,4.0
17,4,2026-03-25 21:09:34,2026-03-25 21:10:10,1,,,,,,,,,,,,,,,,,,,,,,,,,,,,,,,,,,,,,,,,,,,,,,,
18,3,2026-03-25 21:21:35,2026-03-25 21:22:55,1,,,,,,,,,,,,,,,,,,,,,,,,,,,,,,,,,,,,,,,,,,,,,,,
19,13,2026-03-25 21:33:51,2026-03-25 21:41:02,3,,,,,,,,,,,,,,,,,,,-100.0,-75.0,-50.0,-25.0,0.0,25.0,50.0,75.0,100.0,,,,,,,,,,7.0,1.0,30.0,1.0,40.0,39.0,3.0,2600.0,8.0,10.0,4.0
20,13,2026-03-25 21:39:37,2026-03-25 21:42:46,4,,,,,,,,,,,,,,,,,,,,,,,,,,,,0.0,20.0,40.0,60.0,80.0,100.0,120.0,140.0,160.0,7.0,1.0,40.0,2.0,87.0,51.0,1.0,2400.0,5.0,10.0,3.0
21,10,2026-03-25 21:44:28,2026-03-25 21:51:11,2,,,,,,,,,,80.0,60.0,40.0,20.0,0.0,20.0,40.0,60.0,80.0,,,,,,,,,,,,,,,,,,,7.0,0.0,,,,,,,,,
22,13,2026-03-25 21:49:17,2026-03-25 21:53:26,3,,,,,,,,,,,,,,,,,,,0.0,20.0,40.0,60.0,80.0,20.0,40.0,60.0,80.0,,,,,,,,,,7.0,1.0,40.0,1.0,100.0,54.0,1.0,1250.0,3.0,1.0,6.0
23,3,2026-03-25 21:51:41,2026-03-25 21:52:00,3,,,,,,,,,,,,,,,,,,,,,,,,,,,,,,,,,,,,,,,,,,,,,,,
24,13,2026-03-25 22:06:49,2026-03-25 22:13:56,3,,,,,,,,,,,,,,,,,,,-80.0,-60.0,-40.0,-20.0,0.0,20.0,40.0,60.0,80.0,,,,,,,,,,7.0,1.0,40.0,4.0,110.0,38.0,1.0,0.0,4.0,7.0,4.0
25,13,2026-03-25 22:12:29,2026-03-25 22:16:22,4,,,,,,,,,,,,,,,,,,,,,,,,,,,,-8.0,-6.0,-4.0,-2.0,0.0,2.0,4.0,6.0,8.0,7.0,1.0,40.0,2.0,55.0,32.0,3.0,1000.0,8.0,10.0,5.0
26,6,2026-03-25 22:13:02,2026-03-25 22:13:17,3,,,,,,,,,,,,,,,,,,,,,,,,,,,,,,,,,,,,,,,,,,,,,,,
27,13,2026-03-25 22:17:32,2026-03-25 22:22:51,3,,,,,,,,,,,,,,,,,,,0.0,20.0,50.0,75.0,100.0,110.0,130.0,135.0,200.0,,,,,,,,,,7.0,1.0,70.0,3.0,100.0,66.0,3.0,2500.0,5.0,12.0,3.0
28,6,2026-03-25 22:18:20,2026-03-25 22:18:37,3,,,,,,,,,,,,,,,,,,,,,,,,,,,,,,,,,,,,,,,,,,,,,,,
29,13,2026-03-25 23:34:09,2026-03-25 23:37:00,4,,,,,,,,,,,,,,,,,,,,,,,,,,,,0.0,0.0,20.0,40.0,100.0,60.0,40.0,20.0,10.0,7.0,1.0,30.0,3.0,125.0,45.0,1.0,2000.0,5.0,10.0,4.0
30,13,2026-03-25 23:42:36,2026-03-25 23:47:23,1,-80.0,-60.0,-40.0,-20.0,0.0,20.0,40.0,60.0,80.0,,,,,,,,,,,,,,,,,,,,,,,,,,,,7.0,1.0,50.0,2.0,100.0,54.0,1.0,2500.0,8.0,9.0,2.0
31,13,2026-03-25 23:44:42,2026-03-25 23:48:40,2,,,,,,,,,,100.0,100.0,100.0,60.0,0.0,20.0,60.0,80.0,100.0,,,,,,,,,,,,,,,,,,,7.0,1.0,50.0,2.0,140.0,55.0,3.0,1800.0,5.0,2.0,5.0
32,6,2026-03-26 00:05:37,2026-03-26 00:06:26,3,,,,,,,,,,,,,,,,,,,,,,,,,,,,,,,,,,,,,,,,,,,,,,,
33,3,2026-03-26 00:12:40,2026-03-26 00:12:55,1,,,,,,,,,,,,,,,,,,,,,,,,,,,,,,,,,,,,,,,,,,,,,,,
34,13,2026-03-26 00:24:09,2026-03-26 00:27:53,2,,,,,,,,,,-100.0,-90.0,-70.0,-50.0,10.0,12.0,15.0,20.0,40.0,,,,,,,,,,,,,,,,,,,7.0,1.0,45.0,1.0,45.0,39.0,1.0,200.0,8.0,16.0,3.0
35,13,2026-03-26 01:23:58,2026-03-26 01:28:13,3,,,,,,,,,,,,,,,,,,,80.0,60.0,40.0,20.0,0.0,-20.0,-40.0,-60.0,-80.0,,,,,,,,,,7.0,1.0,80.0,2.0,85.0,29.0,3.0,3000.0,3.0,2.0,3.0
36,13,2026-03-26 01:28:09,2026-03-26 01:41:58,1,-10.0,-6.0,-5.0,-3.0,0.0,3.0,5.0,8.0,10.0,,,,,,,,,,,,,,,,,,,,,,,,,,,,7.0,1.0,30.0,3.0,70.0,39.0,3.0,1200.0,11.0,10.0,3.0
37,13,2026-03-26 02:33:08,2026-03-26 02:44:37,2,,,,,,,,,,-10.0,-5.0,-3.0,-2.0,1.0,2.0,3.0,4.0,5.0,,,,,,,,,,,,,,,,,,,7.0,1.0,60.0,1.0,45.0,53.0,1.0,960.0,3.0,16.0,1.0
38,13,2026-03-26 03:25:07,2026-03-26 03:29:05,3,,,,,,,,,,,,,,,,,,,-80.0,-60.0,-40.0,-20.0,0.0,10.0,40.0,60.0,80.0,,,,,,,,,,7.0,1.0,15.0,1.0,50.0,24.0,1.0,2600.0,4.0,10.0,4.0
39,13,2026-03-26 04:32:51,2026-03-26 04:37:33,4,,,,,,,,,,,,,,,,,,,,,,,,,,,,7.0,4.0,3.0,3.0,2.0,3.0,5.0,7.0,3.0,7.0,1.0,35.0,1.0,42.0,41.0,3.0,0.0,2.0,2.0,3.0
40,10,2026-03-26 05:25:53,2026-03-26 05:31:56,2,,,,,,,,,,80.0,60.0,40.0,20.0,0.0,-20.0,-40.0,-60.0,-80.0,,,,,,,,,,,,,,,,,,,7.0,0.0,,,,,,,,,
41,10,2026-03-26 05:47:53,2026-03-26 05:53:58,1,80.0,60.0,40.0,20.0,0.0,0.0,0.0,0.0,0.0,,,,,,,,,,,,,,,,,,,,,,,,,,,,6.0,1.0,,,,,,,,,
42,3,2026-03-26 06:37:53,2026-03-26 06:38:15,2,,,,,,,,,,,,,,,,,,,,,,,,,,,,,,,,,,,,,,,,,,,,,,,
43,10,2026-03-26 06:44:37,2026-03-26 06:47:26,4,,,,,,,,,,,,,,,,,,,,,,,,,,,,0.0,20.0,40.0,50.0,10.0,0.0,0.0,0.0,0.0,7.0,0.0,,,,,,,,,
44,7,2026-03-26 07:37:07,2026-03-26 07:38:02,4,,,,,,,,,,,,,,,,,,,,,,,,,,,,,,,,,,,,,,,,,,,,,,,
45,2,2026-03-26 07:59:14,2026-03-26 08:00:09,3,,,,,,,,,,,,,,,,,,,,,,,,,,,,,,,,,,,,,,,,,,,,,,,
46,13,2026-03-26 08:00:48,2026-03-26 08:03:48,2,,,,,,,,,,-80.0,-60.0,-40.0,-20.0,0.0,20.0,40.0,60.0,80.0,,,,,,,,,,,,,,,,,,,7.0,1.0,60.0,4.0,200.0,29.0,3.0,3000.0,3.0,2.0,4.0
47,13,2026-03-26 08:00:56,2026-03-26 08:10:05,4,,,,,,,,,,,,,,,,,,,,,,,,,,,,50.0,50.0,70.0,80.0,50.0,50.0,50.0,50.0,50.0,7.0,1.0,30.0,2.0,42.0,27.0,3.0,2000.0,4.0,3.0,3.0
48,10,2026-03-26 08:08:45,2026-03-26 08:12:30,4,,,,,,,,,,,,,,,,,,,,,,,,,,,,-10.0,-8.0,-5.0,-2.0,0.0,2.0,4.0,8.0,10.0,7.0,0.0,,,,,,,,,
49,13,2026-03-26 08:15:57,2026-03-26 08:18:13,1,20.0,60.0,60.0,70.0,90.0,90.0,100.0,120.0,120.0,,,,,,,,,,,,,,,,,,,,,,,,,,,,7.0,1.0,50.0,1.0,58.0,50.0,1.0,2250.0,5.0,3.0,4.0
50,5,2026-03-26 08:44:51,2026-03-26 08:45:05,2,,,,,,,,,,,,,,,,,,,,,,,,,,,,,,,,,,,,,,,,,,,,,,,
51,8,2026-03-26 08:49:52,2026-03-26 09:03:12,1,50.0,20.0,30.0,20.0,20.0,20.0,60.0,50.0,30.0,,,,,,,,,,,,,,,,,,,,,,,,,,,,,,,,,,,,,,
52,13,2026-03-26 08:57:59,2026-03-26 09:07:06,3,,,,,,,,,,,,,,,,,,,0.0,0.0,0.0,0.0,1.0,9.0,9.0,11.0,14.0,,,,,,,,,,7.0,1.0,40.0,2.0,89.0,65.0,1.0,2000.0,7.0,3.0,4.0
53,4,2026-03-26 09:14:44,2026-03-26 09:15:00,1,,,,,,,,,,,,,,,,,,,,,,,,,,,,,,,,,,,,,,,,,,,,,,,
54,7,2026-03-26 09:23:33,2026-03-26 09:23:41,4,,,,,,,,,,,,,,,,,,,,,,,,,,,,,,,,,,,,,,,,,,,,,,,
55,10,2026-03-26 09:27:21,2026-03-26 09:34:43,1,-5.0,-3.0,-2.0,-1.0,0.0,2.0,4.0,6.0,8.0,,,,,,,,,,,,,,,,,,,,,,,,,,,,7.0,0.0,,,,,,,,,
56,10,2026-03-26 09:28:14,2026-03-26 09:57:17,3,,,,,,,,,,,,,,,,,,,-3.0,-2.0,-1.0,-1.0,0.0,2.0,3.0,3.0,3.0,,,,,,,,,,7.0,0.0,,,,,,,,,
57,2,2026-03-26 09:40:05,2026-03-26 09:40:05,4,,,,,,,,,,,,,,,,,,,,,,,,,,,,,,,,,,,,,,,,,,,,,,,
58,5,2026-03-26 09:41:55,2026-03-26 09:42:12,2,,,,,,,,,,,,,,,,,,,,,,,,,,,,,,,,,,,,,,,,,,,,,,,
59,2,2026-03-26 09:56:11,2026-03-26 09:56:11,2,,,,,,,,,,,,,,,,,,,,,,,,,,,,,,,,,,,,,,,,,,,,,,,
60,3,2026-03-26 10:00:16,2026-03-26 10:01:15,3,,,,,,,,,,,,,,,,,,,,,,,,,,,,,,,,,,,,,,,,,,,,,,,
61,10,2026-03-26 10:02:43,2026-03-26 10:04:52,2,,,,,,,,,,80.0,80.0,80.0,80.0,80.0,100.0,120.0,140.0,160.0,,,,,,,,,,,,,,,,,,,7.0,0.0,,,,,,,,,
62,4,2026-03-26 10:02:44,2026-03-26 10:03:09,1,,,,,,,,,,,,,,,,,,,,,,,,,,,,,,,,,,,,,,,,,,,,,,,
63,10,2026-03-26 10:03:05,2026-03-26 10:14:54,4,,,,,,,,,,,,,,,,,,,,,,,,,,,,10.0,20.0,10.0,10.0,10.0,10.0,10.0,10.0,10.0,7.0,0.0,,,,,,,,,
64,13,2026-03-26 10:03:13,2026-03-26 10:05:58,3,,,,,,,,,,,,,,,,,,,80.0,20.0,40.0,60.0,60.0,40.0,80.0,40.0,60.0,,,,,,,,,,7.0,1.0,45.0,3.0,94.0,37.0,3.0,1750.0,3.0,1.0,7.0
65,13,2026-03-26 10:03:20,2026-03-26 10:10:00,3,,,,,,,,,,,,,,,,,,,0.0,0.0,4.0,6.0,8.0,10.0,10.0,13.0,15.0,,,,,,,,,,7.0,1.0,50.0,2.0,52.0,59.0,1.0,1760.0,5.0,9.0,4.0
66,13,2026-03-26 10:03:31,2026-03-26 10:31:55,1,0.0,25.0,50.0,75.0,100.0,120.0,150.0,160.0,200.0,,,,,,,,,,,,,,,,,,,,,,,,,,,,7.0,1.0,40.0,3.0,135.0,57.0,3.0,3000.0,5.0,9.0,4.0
67,13,2026-03-26 10:03:32,2026-03-26 10:07:28,3,,,,,,,,,,,,,,,,,,,0.0,10.0,0.0,2.0,10.0,10.0,10.0,10.0,10.0,,,,,,,,,,7.0,1.0,45.0,1.0,64.0,36.0,1.0,2700.0,5.0,10.0,3.0
68,13,2026-03-26 10:03:33,2026-03-26 10:06:34,4,,,,,,,,,,,,,,,,,,,,,,,,,,,,-100.0,-80.0,-50.0,-25.0,-10.0,-20.0,-50.0,-100.0,-50.0,7.0,1.0,40.0,2.0,140.0,35.0,3.0,4000.0,8.0,2.0,5.0
69,13,2026-03-26 10:04:05,2026-03-26 10:07:42,4,,,,,,,,,,,,,,,,,,,,,,,,,,,,-100.0,-10.0,-5.0,-5.0,0.0,10.0,30.0,40.0,100.0,7.0,1.0,80.0,2.0,150.0,50.0,3.0,2500.0,8.0,16.0,6.0
70,3,2026-03-26 10:04:54,2026-03-26 10:05:36,2,,,,,,,,,,,,,,,,,,,,,,,,,,,,,,,,,,,,,,,,,,,,,,,
71,13,2026-03-26 10:05:12,2026-03-26 10:08:34,1,-8.0,-6.0,-4.0,-2.0,0.0,1.0,2.0,3.0,4.0,,,,,,,,,,,,,,,,,,,,,,,,,,,,7.0,1.0,40.0,4.0,130.0,41.0,1.0,3000.0,7.0,14.0,2.0
72,13,2026-03-26 10:06:24,2026-03-26 10:12:38,3,,,,,,,,,,,,,,,,,,,-100.0,-75.0,-50.0,-25.0,0.0,25.0,50.0,75.0,100.0,,,,,,,,,,7.0,1.0,50.0,2.0,240.0,53.0,1.0,950.0,3.0,2.0,5.0
73,6,2026-03-26 10:07:24,2026-03-26 10:07:35,3,,,,,,,,,,,,,,,,,,,,,,,,,,,,,,,,,,,,,,,,,,,,,,,
74,3,2026-03-26 10:09:24,2026-03-26 10:09:37,4,,,,,,,,,,,,,,,,,,,,,,,,,,,,,,,,,,,,,,,,,,,,,,,
75,13,2026-03-26 10:09:54,2026-03-26 10:17:42,1,80.0,60.0,40.0,0.0,0.0,20.0,40.0,60.0,80.0,,,,,,,,,,,,,,,,,,,,,,,,,,,,7.0,1.0,45.0,25.0,25.0,49.0,3.0,640.0,5.0,10.0,4.0
76,13,2026-03-26 10:09:56,2026-03-26 10:16:13,3,,,,,,,,,,,,,,,,,,,-100.0,-80.0,-60.0,-20.0,0.0,20.0,60.0,80.0,100.0,,,,,,,,,,7.0,1.0,20.0,2.0,65.0,28.0,1.0,900.0,7.0,9.0,3.0
77,13,2026-03-26 10:10:30,2026-03-26 10:14:24,1,-100.0,-100.0,-60.0,-20.0,0.0,20.0,30.0,50.0,100.0,,,,,,,,,,,,,,,,,,,,,,,,,,,,7.0,1.0,40.0,1.0,96.0,61.0,3.0,4500.0,8.0,10.0,3.0
78,13,2026-03-26 10:12:39,2026-03-26 10:18:00,3,,,,,,,,,,,,,,,,,,,90.0,60.0,60.0,80.0,0.0,80.0,0.0,90.0,90.0,,,,,,,,,,7.0,1.0,50.0,1.0,40.0,46.0,1.0,1000.0,5.0,10.0,5.0
79,4,2026-03-26 10:12:49,2026-03-26 10:13:00,1,,,,,,,,,,,,,,,,,,,,,,,,,,,,,,,,,,,,,,,,,,,,,,,
80,13,2026-03-26 10:13:05,2026-03-26 10:17:00,2,,,,,,,,,,-10.0,-8.0,-5.0,-3.0,10.0,8.0,5.0,0.0,-4.0,,,,,,,,,,,,,,,,,,,7.0,1.0,50.0,2.0,80.0,51.0,3.0,2800.0,5.0,2.0,5.0
81,10,2026-03-26 10:13:22,2026-03-26 10:14:41,3,,,,,,,,,,,,,,,,,,,0.0,25.0,50.0,75.0,100.0,125.0,150.0,175.0,200.0,,,,,,,,,,7.0,0.0,,,,,,,,,
82,2,2026-03-26 10:13:28,2026-03-26 10:13:28,4,,,,,,,,,,,,,,,,,,,,,,,,,,,,,,,,,,,,,,,,,,,,,,,
83,3,2026-03-26 10:13:46,2026-03-26 10:13:52,4,,,,,,,,,,,,,,,,,,,,,,,,,,,,,,,,,,,,,,,,,,,,,,,
84,10,2026-03-26 10:14:02,2026-03-26 10:15:48,1,0.0,20.0,40.0,60.0,80.0,100.0,120.0,140.0,160.0,,,,,,,,,,,,,,,,,,,,,,,,,,,,7.0,0.0,,,,,,,,,
85,2,2026-03-26 10:14:25,2026-03-26 10:14:25,3,,,,,,,,,,,,,,,,,,,,,,,,,,,,,,,,,,,,,,,,,,,,,,,
86,2,2026-03-26 10:14:50,2026-03-26 10:14:50,3,,,,,,,,,,,,,,,,,,,,,,,,,,,,,,,,,,,,,,,,,,,,,,,
87,13,2026-03-26 10:15:22,2026-03-26 10:27:32,4,,,,,,,,,,,,,,,,,,,,,,,,,,,,0.0,0.0,1.0,5.0,10.0,1.0,0.0,0.0,0.0,7.0,1.0,40.0,2.0,78.0,58.0,1.0,2100.0,5.0,6.0,4.0
88,2,2026-03-26 10:16:01,2026-03-26 10:16:01,2,,,,,,,,,,,,,,,,,,,,,,,,,,,,,,,,,,,,,,,,,,,,,,,
89,13,2026-03-26 10:18:21,2026-03-26 10:22:33,4,,,,,,,,,,,,,,,,,,,,,,,,,,,,80.0,60.0,40.0,20.0,0.0,20.0,40.0,60.0,80.0,7.0,1.0,50.0,1.0,40.0,25.0,3.0,2500.0,7.0,1.0,5.0
90,13,2026-03-26 10:18:37,2026-03-26 10:23:36,3,,,,,,,,,,,,,,,,,,,30.0,90.0,70.0,50.0,30.0,30.0,30.0,30.0,30.0,,,,,,,,,,7.0,1.0,90.0,3.0,56.0,35.0,3.0,1489.0,3.0,8.0,4.0
91,13,2026-03-26 10:19:24,2026-03-26 12:14:13,2,,,,,,,,,,-100.0,-80.0,-60.0,-40.0,100.0,-20.0,-30.0,-40.0,-50.0,,,,,,,,,,,,,,,,,,,7.0,1.0,40.0,2.0,60.0,56.0,3.0,1600.0,5.0,13.0,4.0
92,13,2026-03-26 10:19:35,2026-03-26 10:22:48,2,,,,,,,,,,-10.0,-8.0,-5.0,-2.0,0.0,2.0,5.0,10.0,15.0,,,,,,,,,,,,,,,,,,,7.0,1.0,25.0,1.0,54.0,28.0,1.0,2100.0,8.0,10.0,3.0
93,10,2026-03-26 10:22:25,2026-03-26 10:36:52,1,80.0,60.0,40.0,20.0,0.0,20.0,40.0,60.0,80.0,,,,,,,,,,,,,,,,,,,,,,,,,,,,7.0,0.0,,,,,,,,,
94,10,2026-03-26 10:22:29,2026-03-26 10:25:20,2,,,,,,,,,,0.0,20.0,40.0,60.0,80.0,100.0,120.0,140.0,160.0,,,,,,,,,,,,,,,,,,,7.0,0.0,,,,,,,,,
95,13,2026-03-26 10:23:01,2026-03-26 11:01:05,2,,,,,,,,,,-100.0,-80.0,-50.0,-20.0,0.0,20.0,50.0,80.0,100.0,,,,,,,,,,,,,,,,,,,7.0,1.0,20.0,4.0,90.0,39.0,1.0,2000.0,7.0,1.0,4.0
96,13,2026-03-26 10:24:52,2026-03-26 10:34:21,4,,,,,,,,,,,,,,,,,,,,,,,,,,,,-100.0,-80.0,-60.0,-50.0,0.0,20.0,50.0,80.0,100.0,7.0,1.0,50.0,2.0,145.0,43.0,1.0,2600.0,5.0,2.0,4.0
97,13,2026-03-26 10:26:35,2026-03-26 10:30:40,4,,,,,,,,,,,,,,,,,,,,,,,,,,,,0.0,10.0,20.0,30.0,40.0,50.0,70.0,85.0,100.0,7.0,1.0,30.0,2.0,92.0,45.0,3.0,2000.0,3.0,1.0,5.0
98,10,2026-03-26 10:26:45,2026-03-26 10:28:43,4,,,,,,,,,,,,,,,,,,,,,,,,,,,,50.0,49.0,60.0,50.0,50.0,90.0,60.0,40.0,80.0,7.0,0.0,,,,,,,,,
99,6,2026-03-26 10:27:04,2026-03-26 10:27:19,3,,,,,,,,,,,,,,,,,,,,,,,,,,,,,,,,,,,,,,,,,,,,,,,
100,3,2026-03-26 10:30:02,2026-03-26 10:30:09,2,,,,,,,,,,,,,,,,,,,,,,,,,,,,,,,,,,,,,,,,,,,,,,,
101,13,2026-03-26 10:31:52,2026-03-26 10:39:04,1,0.0,0.0,0.0,0.0,0.0,2.0,4.0,6.0,8.0,,,,,,,,,,,,,,,,,,,,,,,,,,,,7.0,1.0,30.0,3.0,180.0,53.0,1.0,500.0,8.0,1.0,3.0
102,10,2026-03-26 10:32:07,2026-03-26 10:35:24,1,10.0,8.0,5.0,2.0,0.0,0.0,0.0,0.0,0.0,,,,,,,,,,,,,,,,,,,,,,,,,,,,7.0,0.0,,,,,,,,,
103,7,2026-03-26 10:32:39,2026-03-26 10:32:55,4,,,,,,,,,,,,,,,,,,,,,,,,,,,,,,,,,,,,,,,,,,,,,,,
104,2,2026-03-26 10:32:47,2026-03-26 10:32:47,1,,,,,,,,,,,,,,,,,,,,,,,,,,,,,,,,,,,,,,,,,,,,,,,
105,13,2026-03-26 10:33:03,2026-03-26 10:36:21,4,,,,,,,,,,,,,,,,,,,,,,,,,,,,-10.0,-8.0,-5.0,0.0,0.0,-2.0,-5.0,-10.0,-5.0,7.0,1.0,60.0,1.0,60.0,31.0,3.0,1500.0,3.0,9.0,6.0
106,7,2026-03-26 10:33:10,2026-03-26 10:33:37,4,,,,,,,,,,,,,,,,,,,,,,,,,,,,,,,,,,,,,,,,,,,,,,,
107,10,2026-03-26 10:34:30,2026-03-26 10:38:29,3,,,,,,,,,,,,,,,,,,,5.0,10.0,5.0,25.0,40.0,35.0,30.0,50.0,60.0,,,,,,,,,,7.0,0.0,,,,,,,,,
108,2,2026-03-26 10:34:35,2026-03-26 10:34:35,2,,,,,,,,,,,,,,,,,,,,,,,,,,,,,,,,,,,,,,,,,,,,,,,
109,10,2026-03-26 10:36:18,2026-03-26 10:41:04,4,,,,,,,,,,,,,,,,,,,,,,,,,,,,0.0,0.0,0.0,0.0,100.0,0.0,0.0,0.0,0.0,7.0,0.0,,,,,,,,,
110,13,2026-03-26 10:36:57,2026-03-26 10:41:17,3,,,,,,,,,,,,,,,,,,,-5.0,-4.0,-2.0,-1.0,0.0,1.0,2.0,3.0,4.0,,,,,,,,,,7.0,1.0,30.0,2.0,60.0,38.0,1.0,3800.0,5.0,3.0,4.0
111,13,2026-03-26 10:38:02,2026-03-26 10:44:10,3,,,,,,,,,,,,,,,,,,,-80.0,-60.0,-40.0,-20.0,0.0,20.0,40.0,60.0,80.0,,,,,,,,,,7.0,1.0,60.0,2.0,100.0,60.0,1.0,0.0,5.0,14.0,5.0
112,13,2026-03-26 10:38:42,2026-03-26 10:43:09,3,,,,,,,,,,,,,,,,,,,-9.0,-8.0,-7.0,-2.0,0.0,3.0,8.0,10.0,25.0,,,,,,,,,,7.0,1.0,40.0,4.0,115.0,51.0,3.0,3200.0,8.0,13.0,2.0
113,5,2026-03-26 10:39:29,2026-03-26 10:39:38,2,,,,,,,,,,,,,,,,,,,,,,,,,,,,,,,,,,,,,,,,,,,,,,,
114,3,2026-03-26 10:40:20,2026-03-26 10:40:30,4,,,,,,,,,,,,,,,,,,,,,,,,,,,,,,,,,,,,,,,,,,,,,,,
115,13,2026-03-26 10:42:29,2026-03-26 10:46:38,3,,,,,,,,,,,,,,,,,,,-5.0,1.0,2.0,4.0,0.0,1.0,2.0,3.0,5.0,,,,,,,,,,7.0,1.0,40.0,2.0,106.0,57.0,3.0,4579.0,5.0,11.0,5.0
116,13,2026-03-26 10:42:45,2026-03-26 10:45:43,2,,,,,,,,,,-100.0,-80.0,-40.0,-20.0,0.0,9.0,15.0,25.0,40.0,,,,,,,,,,,,,,,,,,,7.0,1.0,30.0,3.0,170.0,19.0,1.0,315.0,4.0,6.0,2.0
117,5,2026-03-26 10:43:39,2026-03-26 10:45:05,2,,,,,,,,,,0.0,20.0,40.0,60.0,100.0,,,,,,,,,,,,,,,,,,,,,,,,,,,,,,,,,
118,8,2026-03-26 10:47:51,2026-03-26 10:49:21,3,,,,,,,,,,,,,,,,,,,80.0,60.0,40.0,20.0,0.0,20.0,40.0,60.0,80.0,,,,,,,,,,6.0,,,,,,,,,,
119,10,2026-03-26 10:49:06,2026-03-26 10:53:25,4,,,,,,,,,,,,,,,,,,,,,,,,,,,,100.0,100.0,40.0,0.0,0.0,0.0,0.0,0.0,0.0,7.0,0.0,,,,,,,,,
120,13,2026-03-26 10:50:08,2026-03-26 10:53:59,1,-100.0,-80.0,-50.0,-20.0,0.0,20.0,40.0,60.0,100.0,,,,,,,,,,,,,,,,,,,,,,,,,,,,7.0,1.0,50.0,1.0,70.0,50.0,3.0,2000.0,5.0,16.0,3.0
121,6,2026-03-26 10:52:23,2026-03-26 10:52:48,3,,,,,,,,,,,,,,,,,,,,,,,,,,,,,,,,,,,,,,,,,,,,,,,
122,13,2026-03-26 10:54:50,2026-03-26 10:58:39,1,0.0,25.0,50.0,75.0,100.0,125.0,150.0,175.0,200.0,,,,,,,,,,,,,,,,,,,,,,,,,,,,7.0,1.0,50.0,3.0,88.0,27.0,3.0,3700.0,7.0,3.0,5.0
123,10,2026-03-26 10:55:59,2026-03-26 11:00:09,2,,,,,,,,,,0.0,-3.0,-2.0,-1.0,0.0,1.0,2.0,3.0,4.0,,,,,,,,,,,,,,,,,,,7.0,1.0,,,,,,,,,
124,13,2026-03-26 10:57:55,2026-03-26 11:05:13,3,,,,,,,,,,,,,,,,,,,0.0,0.25,0.4,0.6,1.0,1.25,1.5,1.75,2.0,,,,,,,,,,7.0,1.0,60.0,1.0,72.0,55.0,1.0,1100.0,5.0,8.0,2.0
125,13,2026-03-26 10:58:58,2026-03-26 11:04:38,4,,,,,,,,,,,,,,,,,,,,,,,,,,,,-10.0,-7.0,-5.0,-3.0,0.0,2.0,4.0,7.0,9.0,7.0,1.0,40.0,2.0,32.0,49.0,3.0,2370.0,5.0,9.0,3.0
126,13,2026-03-26 10:59:20,2026-03-26 11:03:15,1,-80.0,-60.0,-40.0,-20.0,0.0,20.0,40.0,60.0,80.0,,,,,,,,,,,,,,,,,,,,,,,,,,,,7.0,1.0,50.0,3.0,120.0,38.0,3.0,3000.0,7.0,11.0,4.0
127,2,2026-03-26 10:59:58,2026-03-26 10:59:58,1,,,,,,,,,,,,,,,,,,,,,,,,,,,,,,,,,,,,,,,,,,,,,,,
128,13,2026-03-26 11:00:59,2026-03-26 11:13:18,3,,,,,,,,,,,,,,,,,,,1.0,1.0,2.0,4.0,10.0,10.0,12.0,14.0,114.0,,,,,,,,,,7.0,1.0,50.0,1.0,73.0,60.0,1.0,1700.0,1.0,10.0,5.0
129,2,2026-03-26 11:07:42,2026-03-26 11:07:42,2,,,,,,,,,,,,,,,,,,,,,,,,,,,,,,,,,,,,,,,,,,,,,,,
130,6,2026-03-26 11:08:32,2026-03-26 11:08:55,3,,,,,,,,,,,,,,,,,,,,,,,,,,,,,,,,,,,,,,,,,,,,,,,
131,5,2026-03-26 11:10:57,2026-03-26 11:11:27,2,,,,,,,,,,,,,,,,,,,,,,,,,,,,,,,,,,,,,,,,,,,,,,,
132,10,2026-03-26 11:12:24,2026-03-26 11:14:31,2,,,,,,,,,,80.0,60.0,40.0,20.0,0.0,20.0,60.0,80.0,40.0,,,,,,,,,,,,,,,,,,,7.0,0.0,,,,,,,,,
133,5,2026-03-26 11:12:51,2026-03-26 11:14:05,2,,,,,,,,,,0.0,20.0,40.0,60.0,80.0,120.0,140.0,,,,,,,,,,,,,,,,,,,,,,,,,,,,,,,
134,3,2026-03-26 11:16:55,2026-03-26 11:17:03,4,,,,,,,,,,,,,,,,,,,,,,,,,,,,,,,,,,,,,,,,,,,,,,,
135,10,2026-03-26 11:17:08,2026-03-26 11:21:33,3,,,,,,,,,,,,,,,,,,,90.0,90.0,90.0,90.0,90.0,90.0,90.0,90.0,90.0,,,,,,,,,,7.0,0.0,,,,,,,,,
136,6,2026-03-26 11:18:49,2026-03-26 11:24:22,3,,,,,,,,,,,,,,,,,,,,,,,,,,,,,,,,,,,,,,,,,,,,,,,
137,13,2026-03-26 11:27:46,2026-03-26 11:33:21,2,,,,,,,,,,-10.0,-8.0,-5.0,-3.0,0.0,4.0,6.0,8.0,10.0,,,,,,,,,,,,,,,,,,,7.0,1.0,30.0,2.0,70.0,42.0,3.0,2800.0,5.0,13.0,6.0
138,6,2026-03-26 11:28:05,2026-03-26 11:28:43,3,,,,,,,,,,,,,,,,,,,,,,,,,,,,,,,,,,,,,,,,,,,,,,,
139,2,2026-03-26 11:30:28,2026-03-26 11:30:28,4,,,,,,,,,,,,,,,,,,,,,,,,,,,,,,,,,,,,,,,,,,,,,,,
140,6,2026-03-26 11:31:32,2026-03-26 11:31:47,3,,,,,,,,,,,,,,,,,,,,,,,,,,,,,,,,,,,,,,,,,,,,,,,
141,13,2026-03-26 11:33:55,2026-03-26 11:37:06,2,,,,,,,,,,-80.0,-60.0,-40.0,-20.0,0.0,0.0,0.0,0.0,0.0,,,,,,,,,,,,,,,,,,,7.0,1.0,120.0,4.0,135.0,42.0,3.0,2200.0,5.0,9.0,4.0
142,13,2026-03-26 11:34:51,2026-03-26 11:42:06,1,-100.0,-80.0,-60.0,-20.0,0.0,20.0,40.0,60.0,100.0,,,,,,,,,,,,,,,,,,,,,,,,,,,,7.0,1.0,50.0,1.0,56.0,61.0,1.0,1250.0,5.0,10.0,4.0
143,13,2026-03-26 11:35:24,2026-03-26 11:42:44,1,80.0,60.0,40.0,20.0,0.0,80.0,80.0,80.0,80.0,,,,,,,,,,,,,,,,,,,,,,,,,,,,7.0,1.0,40.0,3.0,100.0,37.0,1.0,200.0,7.0,10.0,4.0
144,10,2026-03-26 11:37:15,2026-03-26 11:38:27,1,0.0,20.0,40.0,60.0,80.0,100.0,120.0,140.0,160.0,,,,,,,,,,,,,,,,,,,,,,,,,,,,3.0,0.0,,,,,,,,,
145,13,2026-03-26 11:38:00,2026-03-26 11:40:53,3,,,,,,,,,,,,,,,,,,,-100.0,0.0,50.0,70.0,100.0,120.0,140.0,160.0,200.0,,,,,,,,,,7.0,1.0,50.0,2.0,95.0,27.0,1.0,1820.0,5.0,9.0,6.0
146,7,2026-03-26 11:38:40,2026-03-26 11:39:05,4,,,,,,,,,,,,,,,,,,,,,,,,,,,,,,,,,,,,,,,,,,,,,,,
147,6,2026-03-26 11:40:22,2026-03-26 11:40:37,3,,,,,,,,,,,,,,,,,,,,,,,,,,,,,,,,,,,,,,,,,,,,,,,
148,13,2026-03-26 11:41:44,2026-03-26 11:46:15,1,0.0,20.0,40.0,60.0,80.0,120.0,140.0,160.0,160.0,,,,,,,,,,,,,,,,,,,,,,,,,,,,7.0,1.0,50.0,1.0,60.0,72.0,1.0,2100.0,5.0,7.0,4.0
149,3,2026-03-26 11:44:48,2026-03-26 11:45:03,3,,,,,,,,,,,,,,,,,,,,,,,,,,,,,,,,,,,,,,,,,,,,,,,
150,13,2026-03-26 11:50:14,2026-03-26 12:45:31,4,,,,,,,,,,,,,,,,,,,,,,,,,,,,-100.0,-95.0,-75.0,-30.0,0.0,20.0,50.0,80.0,100.0,7.0,1.0,30.0,5.0,140.0,43.0,3.0,2400.0,8.0,7.0,5.0
151,13,2026-03-26 11:53:02,2026-03-26 11:55:56,1,1.0,-8.0,-6.0,-4.0,1.0,2.0,4.0,7.0,10.0,,,,,,,,,,,,,,,,,,,,,,,,,,,,7.0,1.0,40.0,2.0,85.0,53.0,3.0,5500.0,8.0,2.0,6.0
152,13,2026-03-26 11:54:23,2026-03-26 12:07:46,3,,,,,,,,,,,,,,,,,,,-100.0,-80.0,-50.0,90.0,0.0,20.0,30.0,50.0,80.0,,,,,,,,,,7.0,1.0,35.0,1.0,36.0,56.0,1.0,1000.0,5.0,13.0,4.0
153,13,2026-03-26 12:02:51,2026-03-26 12:07:34,2,,,,,,,,,,-10.0,-8.0,-6.0,-4.0,0.0,2.0,4.0,5.0,6.0,,,,,,,,,,,,,,,,,,,7.0,1.0,35.0,2.0,87.0,71.0,3.0,4000.0,8.0,13.0,2.0
154,13,2026-03-26 12:11:29,2026-03-26 12:16:45,2,,,,,,,,,,-100.0,-60.0,-50.0,-20.0,0.0,20.0,40.0,70.0,100.0,,,,,,,,,,,,,,,,,,,7.0,1.0,25.0,3.0,170.0,25.0,3.0,2000.0,5.0,1.0,3.0
155,10,2026-03-26 12:13:33,2026-03-26 12:15:13,2,,,,,,,,,,0.0,20.0,40.0,60.0,80.0,100.0,120.0,140.0,160.0,,,,,,,,,,,,,,,,,,,7.0,0.0,,,,,,,,,
156,10,2026-03-26 12:19:33,2026-03-26 12:21:32,3,,,,,,,,,,,,,,,,,,,10.0,5.0,10.0,20.0,0.0,10.0,10.0,10.0,20.0,,,,,,,,,,7.0,0.0,,,,,,,,,
157,13,2026-03-26 12:20:54,2026-03-26 12:24:36,1,-80.0,-60.0,-40.0,-20.0,0.0,20.0,40.0,60.0,60.0,,,,,,,,,,,,,,,,,,,,,,,,,,,,7.0,1.0,50.0,1.0,60.0,29.0,3.0,1730.0,4.0,10.0,4.0
158,13,2026-03-26 12:21:22,2026-03-26 12:25:56,3,,,,,,,,,,,,,,,,,,,-10.0,0.0,0.0,2.0,4.0,5.0,4.0,6.0,6.0,,,,,,,,,,7.0,1.0,40.0,4.0,99.0,48.0,1.0,2200.0,5.0,10.0,4.0
159,2,2026-03-26 12:23:15,2026-03-26 12:23:15,3,,,,,,,,,,,,,,,,,,,,,,,,,,,,,,,,,,,,,,,,,,,,,,,
160,3,2026-03-26 12:26:23,2026-03-26 12:26:41,3,,,,,,,,,,,,,,,,,,,,,,,,,,,,,,,,,,,,,,,,,,,,,,,
161,13,2026-03-26 12:26:54,2026-03-26 12:36:22,4,,,,,,,,,,,,,,,,,,,,,,,,,,,,-10.0,-6.0,-2.0,-1.0,0.0,3.0,10.0,10.0,20.0,7.0,1.0,50.0,2.0,100.0,72.0,3.0,1500.0,4.0,14.0,5.0
162,3,2026-03-26 12:26:55,2026-03-26 12:27:04,4,,,,,,,,,,,,,,,,,,,,,,,,,,,,,,,,,,,,,,,,,,,,,,,
163,2,2026-03-26 12:29:01,2026-03-26 12:29:01,1,,,,,,,,,,,,,,,,,,,,,,,,,,,,,,,,,,,,,,,,,,,,,,,
164,13,2026-03-26 12:29:05,2026-03-26 12:31:55,1,-80.0,-60.0,-40.0,-20.0,0.0,20.0,40.0,60.0,80.0,,,,,,,,,,,,,,,,,,,,,,,,,,,,7.0,1.0,50.0,2.0,120.0,43.0,3.0,5000.0,8.0,2.0,7.0
165,13,2026-03-26 12:31:39,2026-03-26 12:35:07,2,,,,,,,,,,0.0,0.0,50.0,75.0,100.0,75.0,50.0,0.0,0.0,,,,,,,,,,,,,,,,,,,7.0,1.0,30.0,5.0,120.0,48.0,3.0,6000.0,8.0,10.0,4.0
166,10,2026-03-26 12:34:39,2026-03-26 12:36:36,4,,,,,,,,,,,,,,,,,,,,,,,,,,,,100.0,100.0,100.0,100.0,100.0,110.0,110.0,100.0,100.0,7.0,0.0,,,,,,,,,
167,13,2026-03-26 12:39:23,2026-03-26 12:43:22,1,-100.0,-100.0,-50.0,-10.0,20.0,50.0,80.0,100.0,200.0,,,,,,,,,,,,,,,,,,,,,,,,,,,,7.0,1.0,50.0,2.0,100.0,30.0,1.0,2000.0,7.0,10.0,4.0
168,13,2026-03-26 12:39:29,2026-03-26 12:45:02,2,,,,,,,,,,-100.0,-100.0,-100.0,-100.0,0.0,100.0,100.0,100.0,100.0,,,,,,,,,,,,,,,,,,,7.0,1.0,40.0,1.0,50.0,61.0,3.0,4000.0,8.0,8.0,4.0
169,6,2026-03-26 12:41:45,2026-03-26 12:42:43,3,,,,,,,,,,,,,,,,,,,,,,,,,,,,,,,,,,,,,,,,,,,,,,,
170,13,2026-03-26 12:41:45,2026-03-26 12:49:04,4,,,,,,,,,,,,,,,,,,,,,,,,,,,,-100.0,-80.0,-60.0,0.0,100.0,-50.0,-100.0,-150.0,-100.0,7.0,1.0,40.0,1.0,80.0,51.0,1.0,3200.0,7.0,2.0,3.0
171,10,2026-03-26 12:46:04,2026-03-26 12:55:53,3,,,,,,,,,,,,,,,,,,,60.0,60.0,60.0,60.0,100.0,100.0,90.0,100.0,100.0,,,,,,,,,,7.0,0.0,,,,,,,,,
172,10,2026-03-26 12:46:26,2026-03-26 12:53:31,4,,,,,,,,,,,,,,,,,,,,,,,,,,,,0.0,1.0,3.0,9.0,7.0,5.0,4.0,0.0,4.0,7.0,0.0,,,,,,,,,
173,13,2026-03-26 12:54:58,2026-03-26 12:58:43,1,0.0,25.0,50.0,75.0,100.0,125.0,150.0,175.0,200.0,,,,,,,,,,,,,,,,,,,,,,,,,,,,7.0,1.0,50.0,1.0,160.0,66.0,1.0,2000.0,6.0,7.0,4.0
174,13,2026-03-26 12:56:57,2026-03-26 13:04:47,3,,,,,,,,,,,,,,,,,,,-80.0,-60.0,-40.0,-20.0,0.0,2.0,5.0,10.0,50.0,,,,,,,,,,7.0,1.0,60.0,4.0,90.0,36.0,1.0,400.0,5.0,10.0,4.0
175,7,2026-03-26 13:01:22,2026-03-26 13:01:57,4,,,,,,,,,,,,,,,,,,,,,,,,,,,,,,,,,,,,,,,,,,,,,,,
176,13,2026-03-26 13:03:25,2026-03-26 13:09:49,2,,,,,,,,,,-10.0,-9.0,-6.0,-3.0,0.0,0.0,0.0,-3.0,-6.0,,,,,,,,,,,,,,,,,,,7.0,1.0,30.0,2.0,56.0,32.0,3.0,1200.0,3.0,9.0,3.0
177,10,2026-03-26 13:05:05,2026-03-26 13:09:20,1,80.0,60.0,40.0,20.0,0.0,20.0,40.0,60.0,80.0,,,,,,,,,,,,,,,,,,,,,,,,,,,,7.0,0.0,,,,,,,,,
178,7,2026-03-26 13:05:33,2026-03-26 13:05:41,4,,,,,,,,,,,,,,,,,,,,,,,,,,,,,,,,,,,,,,,,,,,,,,,
179,13,2026-03-26 13:10:16,2026-03-26 13:15:11,1,-10.0,-8.0,-5.0,-2.0,0.0,2.0,4.0,6.0,10.0,,,,,,,,,,,,,,,,,,,,,,,,,,,,7.0,1.0,55.0,3.0,84.0,41.0,1.0,1800.0,5.0,1.0,5.0
180,13,2026-03-26 13:12:33,2026-03-26 13:15:47,3,,,,,,,,,,,,,,,,,,,0.0,0.0,0.0,20.0,100.0,110.0,120.0,140.0,160.0,,,,,,,,,,7.0,1.0,50.0,4.0,90.0,52.0,1.0,2500.0,5.0,3.0,4.0
181,3,2026-03-26 13:12:39,2026-03-26 13:12:57,4,,,,,,,,,,,,,,,,,,,,,,,,,,,,,,,,,,,,,,,,,,,,,,,
182,13,2026-03-26 13:15:32,2026-03-26 13:24:04,4,,,,,,,,,,,,,,,,,,,,,,,,,,,,-80.0,-60.0,-40.0,-20.0,0.0,20.0,40.0,60.0,80.0,7.0,1.0,40.0,1.0,78.0,33.0,1.0,2300.0,8.0,14.0,3.0
183,7,2026-03-26 13:27:07,2026-03-26 13:27:20,4,,,,,,,,,,,,,,,,,,,,,,,,,,,,,,,,,,,,,,,,,,,,,,,
184,13,2026-03-26 13:27:14,2026-03-26 13:32:06,4,,,,,,,,,,,,,,,,,,,,,,,,,,,,80.0,40.0,20.0,20.0,0.0,20.0,40.0,60.0,80.0,7.0,1.0,250.0,1.0,200.0,27.0,3.0,2400.0,3.0,1.0,5.0
185,13,2026-03-26 13:32:10,2026-03-26 13:38:40,2,,,,,,,,,,-10.0,-7.0,-5.0,-2.0,0.0,1.0,2.0,5.0,10.0,,,,,,,,,,,,,,,,,,,7.0,1.0,20.0,3.0,120.0,22.0,1.0,100.0,4.0,1.0,3.0
186,8,2026-03-26 13:32:47,2026-03-26 13:34:31,2,,,,,,,,,,0.0,25.0,50.0,75.0,100.0,125.0,150.0,175.0,200.0,,,,,,,,,,,,,,,,,,,7.0,,,,,,,,,,
187,13,2026-03-26 13:44:04,2026-03-26 13:49:53,3,,,,,,,,,,,,,,,,,,,-100.0,-95.0,-85.0,-50.0,2.0,20.0,40.0,60.0,80.0,,,,,,,,,,7.0,1.0,30.0,2.0,60.0,37.0,1.0,0.0,7.0,1.0,3.0
188,13,2026-03-26 13:49:19,2026-03-26 14:02:48,3,,,,,,,,,,,,,,,,,,,-5.0,-3.0,-3.0,-1.0,0.0,1.0,3.0,5.0,7.0,,,,,,,,,,7.0,1.0,50.0,1.0,56.0,46.0,3.0,1300.0,8.0,14.0,5.0
189,10,2026-03-26 13:50:10,2026-03-26 13:52:30,1,0.0,20.0,40.0,60.0,80.0,100.0,120.0,140.0,160.0,,,,,,,,,,,,,,,,,,,,,,,,,,,,7.0,0.0,,,,,,,,,
190,2,2026-03-26 13:57:09,2026-03-26 13:57:09,4,,,,,,,,,,,,,,,,,,,,,,,,,,,,,,,,,,,,,,,,,,,,,,,
191,10,2026-03-26 14:00:40,2026-03-26 14:02:48,1,20.0,30.0,60.0,80.0,100.0,120.0,150.0,200.0,240.0,,,,,,,,,,,,,,,,,,,,,,,,,,,,7.0,0.0,,,,,,,,,
192,13,2026-03-26 14:04:21,2026-03-26 14:16:32,1,0.0,20.0,40.0,60.0,80.0,100.0,120.0,140.0,160.0,,,,,,,,,,,,,,,,,,,,,,,,,,,,7.0,1.0,45.0,1.0,55.0,32.0,3.0,3000.0,8.0,2.0,5.0
193,13,2026-03-26 14:13:28,2026-03-26 14:18:12,2,,,,,,,,,,-80.0,-50.0,-30.0,-20.0,0.0,20.0,50.0,80.0,100.0,,,,,,,,,,,,,,,,,,,7.0,1.0,40.0,2.0,69.0,71.0,1.0,1416.0,7.0,3.0,4.0
194,13,2026-03-26 14:23:49,2026-03-26 15:08:26,4,,,,,,,,,,,,,,,,,,,,,,,,,,,,0.0,0.0,0.0,50.0,100.0,100.0,80.0,60.0,40.0,7.0,1.0,30.0,2.0,80.0,26.0,3.0,600.0,4.0,2.0,4.0
195,13,2026-03-26 14:26:01,2026-03-26 14:45:13,1,-80.0,-60.0,-40.0,-20.0,0.0,20.0,40.0,60.0,80.0,,,,,,,,,,,,,,,,,,,,,,,,,,,,7.0,1.0,50.0,2.0,100.0,67.0,3.0,2500.0,8.0,4.0,3.0
196,13,2026-03-26 14:29:43,2026-03-26 14:33:08,4,,,,,,,,,,,,,,,,,,,,,,,,,,,,-1.0,-1.0,-1.0,0.0,0.0,0.0,0.0,-1.0,0.0,7.0,1.0,80.0,3.0,80.0,36.0,3.0,1100.0,8.0,11.0,7.0
197,3,2026-03-26 14:31:10,2026-03-26 14:31:54,1,,,,,,,,,,,,,,,,,,,,,,,,,,,,,,,,,,,,,,,,,,,,,,,
198,13,2026-03-26 14:37:02,2026-03-26 14:45:11,4,,,,,,,,,,,,,,,,,,,,,,,,,,,,-9.0,-8.0,-7.0,-2.0,0.0,-1.0,-3.0,-9.0,-8.0,7.0,1.0,40.0,2.0,90.0,50.0,3.0,3200.0,4.0,7.0,3.0
199,10,2026-03-26 14:37:13,2026-03-26 14:51:15,4,,,,,,,,,,,,,,,,,,,,,,,,,,,,80.0,80.0,80.0,80.0,90.0,90.0,90.0,80.0,90.0,7.0,0.0,,,,,,,,,
200,3,2026-03-26 14:39:13,2026-03-26 15:26:44,3,,,,,,,,,,,,,,,,,,,,,,,,,,,,,,,,,,,,,,,,,,,,,,,
201,10,2026-03-26 14:40:32,2026-03-26 14:42:53,1,0.0,20.0,40.0,60.0,80.0,100.0,100.0,100.0,100.0,,,,,,,,,,,,,,,,,,,,,,,,,,,,7.0,0.0,,,,,,,,,
202,10,2026-03-26 14:42:56,2026-03-26 14:53:40,4,,,,,,,,,,,,,,,,,,,,,,,,,,,,100.0,100.0,100.0,100.0,0.0,10.0,10.0,100.0,100.0,7.0,0.0,,,,,,,,,
203,10,2026-03-26 14:46:33,2026-03-26 14:51:08,3,,,,,,,,,,,,,,,,,,,-80.0,-60.0,-50.0,-40.0,0.0,20.0,40.0,60.0,80.0,,,,,,,,,,7.0,0.0,,,,,,,,,
204,2,2026-03-26 14:47:25,2026-03-26 14:47:25,3,,,,,,,,,,,,,,,,,,,,,,,,,,,,,,,,,,,,,,,,,,,,,,,
205,13,2026-03-26 14:48:27,2026-03-26 14:53:27,3,,,,,,,,,,,,,,,,,,,-10.0,-10.0,-5.0,-2.0,0.0,2.0,10.0,20.0,100.0,,,,,,,,,,7.0,1.0,35.0,3.0,120.0,59.0,3.0,3200.0,6.0,2.0,4.0
206,13,2026-03-26 14:55:07,2026-03-26 16:11:09,3,,,,,,,,,,,,,,,,,,,-10.0,-8.0,-5.0,-3.0,0.0,2.0,5.0,8.0,10.0,,,,,,,,,,7.0,1.0,20.0,2.0,80.0,28.0,1.0,1250.0,4.0,10.0,2.0
207,13,2026-03-26 15:00:20,2026-03-26 15:04:05,1,-10.0,-5.0,0.0,-10.0,0.0,6.0,10.0,12.0,20.0,,,,,,,,,,,,,,,,,,,,,,,,,,,,7.0,1.0,35.0,3.0,85.0,34.0,3.0,3300.0,4.0,10.0,4.0
208,3,2026-03-26 15:11:19,2026-03-26 15:11:28,1,,,,,,,,,,,,,,,,,,,,,,,,,,,,,,,,,,,,,,,,,,,,,,,
209,2,2026-03-26 15:13:42,2026-03-26 15:13:42,1,,,,,,,,,,,,,,,,,,,,,,,,,,,,,,,,,,,,,,,,,,,,,,,
210,13,2026-03-26 15:20:35,2026-03-26 15:26:15,3,,,,,,,,,,,,,,,,,,,-80.0,-60.0,-40.0,-20.0,0.0,20.0,40.0,60.0,80.0,,,,,,,,,,7.0,1.0,40.0,1.0,70.0,35.0,3.0,2500.0,8.0,10.0,5.0
211,10,2026-03-26 15:22:38,2026-03-26 15:27:15,3,,,,,,,,,,,,,,,,,,,80.0,100.0,120.0,70.0,85.0,80.0,100.0,75.0,80.0,,,,,,,,,,7.0,0.0,,,,,,,,,
212,6,2026-03-26 15:24:32,2026-03-26 15:25:52,3,,,,,,,,,,,,,,,,,,,,,,,,,,,,,,,,,,,,,,,,,,,,,,,
213,13,2026-03-26 15:29:40,2026-03-26 15:33:20,1,-100.0,-60.0,-40.0,-20.0,0.0,20.0,40.0,60.0,100.0,,,,,,,,,,,,,,,,,,,,,,,,,,,,7.0,1.0,60.0,2.0,85.0,56.0,1.0,2500.0,7.0,12.0,3.0
214,13,2026-03-26 15:33:45,2026-03-26 15:37:28,3,,,,,,,,,,,,,,,,,,,0.0,20.0,40.0,60.0,80.0,100.0,120.0,140.0,160.0,,,,,,,,,,7.0,1.0,30.0,2.0,85.0,32.0,1.0,2000.0,4.0,10.0,4.0
215,13,2026-03-26 15:39:43,2026-03-26 15:49:30,3,,,,,,,,,,,,,,,,,,,-100.0,-80.0,-40.0,-10.0,0.0,20.0,40.0,50.0,80.0,,,,,,,,,,7.0,1.0,15.0,2.0,90.0,20.0,1.0,520.0,4.0,2.0,3.0
216,13,2026-03-26 15:40:27,2026-03-26 15:43:39,4,,,,,,,,,,,,,,,,,,,,,,,,,,,,0.0,0.0,50.0,60.0,100.0,90.0,90.0,0.0,80.0,7.0,1.0,30.0,2.0,147.0,28.0,1.0,0.0,5.0,4.0,4.0
217,6,2026-03-26 15:47:02,2026-03-26 15:48:18,3,,,,,,,,,,,,,,,,,,,,,,,,,,,,,,,,,,,,,,,,,,,,,,,
218,13,2026-03-26 15:55:06,2026-03-26 16:11:13,3,,,,,,,,,,,,,,,,,,,0.0,60.0,40.0,20.0,0.0,20.0,40.0,60.0,80.0,,,,,,,,,,7.0,1.0,60.0,1.0,38.0,28.0,3.0,563.0,2.0,11.0,4.0
219,13,2026-03-26 15:57:55,2026-03-26 16:00:51,4,,,,,,,,,,,,,,,,,,,,,,,,,,,,-10.0,-5.0,-3.0,0.0,2.0,5.0,5.0,10.0,12.0,7.0,1.0,40.0,2.0,60.0,25.0,1.0,2400.0,5.0,15.0,4.0
220,13,2026-03-26 15:59:21,2026-03-26 16:06:38,2,,,,,,,,,,-3.0,-2.0,-1.0,-1.0,0.0,1.0,3.0,4.0,5.0,,,,,,,,,,,,,,,,,,,7.0,1.0,50.0,1.0,60.0,68.0,3.0,3000.0,5.0,6.0,5.0
221,13,2026-03-26 16:07:39,2026-03-26 16:13:33,3,,,,,,,,,,,,,,,,,,,2.0,2.0,0.0,3.0,2.0,2.0,2.0,2.0,2.0,,,,,,,,,,7.0,1.0,30.0,1.0,120.0,51.0,3.0,1250.0,4.0,2.0,3.0
222,10,2026-03-26 16:18:03,2026-03-26 16:20:56,2,,,,,,,,,,0.0,20.0,40.0,60.0,80.0,100.0,120.0,140.0,80.0,,,,,,,,,,,,,,,,,,,7.0,0.0,,,,,,,,,
223,3,2026-03-26 16:26:21,2026-03-26 16:26:29,2,,,,,,,,,,,,,,,,,,,,,,,,,,,,,,,,,,,,,,,,,,,,,,,
224,13,2026-03-26 16:29:46,2026-03-26 16:38:17,1,80.0,60.0,20.0,20.0,0.0,20.0,40.0,0.0,80.0,,,,,,,,,,,,,,,,,,,,,,,,,,,,7.0,1.0,40.0,1.0,45.0,55.0,1.0,789.0,3.0,8.0,5.0
225,13,2026-03-26 16:32:21,2026-03-26 16:37:10,2,,,,,,,,,,-100.0,-80.0,-60.0,-20.0,0.0,20.0,40.0,60.0,80.0,,,,,,,,,,,,,,,,,,,7.0,1.0,40.0,1.0,50.0,39.0,3.0,3080.0,6.0,10.0,5.0
226,3,2026-03-26 16:32:30,2026-03-26 16:33:01,1,,,,,,,,,,,,,,,,,,,,,,,,,,,,,,,,,,,,,,,,,,,,,,,
227,2,2026-03-26 16:34:18,2026-03-26 16:34:18,4,,,,,,,,,,,,,,,,,,,,,,,,,,,,,,,,,,,,,,,,,,,,,,,
228,13,2026-03-26 16:35:57,2026-03-26 16:43:52,3,,,,,,,,,,,,,,,,,,,80.0,25.0,40.0,60.0,80.0,125.0,120.0,140.0,160.0,,,,,,,,,,7.0,1.0,35.0,2.0,56.0,56.0,3.0,2600.0,7.0,1.0,3.0
229,13,2026-03-26 16:38:38,2026-03-26 16:44:58,2,,,,,,,,,,-100.0,-80.0,-60.0,-30.0,0.0,20.0,50.0,80.0,95.0,,,,,,,,,,,,,,,,,,,7.0,1.0,60.0,2.0,140.0,74.0,3.0,3500.0,8.0,10.0,4.0
230,3,2026-03-26 16:39:05,2026-03-26 16:39:28,3,,,,,,,,,,,,,,,,,,,,,,,,,,,,,,,,,,,,,,,,,,,,,,,
231,3,2026-03-26 16:44:57,2026-03-26 16:45:25,4,,,,,,,,,,,,,,,,,,,,,,,,,,,,,,,,,,,,,,,,,,,,,,,
232,10,2026-03-26 16:46:16,2026-03-26 16:49:15,3,,,,,,,,,,,,,,,,,,,-1.0,-1.0,-1.0,-1.0,0.0,0.0,2.0,3.0,2.0,,,,,,,,,,7.0,0.0,,,,,,,,,
233,13,2026-03-26 16:47:06,2026-03-26 16:50:37,1,-80.0,-60.0,-40.0,-20.0,0.0,20.0,40.0,60.0,80.0,,,,,,,,,,,,,,,,,,,,,,,,,,,,7.0,1.0,50.0,1.0,80.0,59.0,3.0,2300.0,6.0,10.0,4.0
234,13,2026-03-26 16:49:06,2026-03-26 16:52:41,3,,,,,,,,,,,,,,,,,,,90.0,90.0,80.0,70.0,0.0,0.0,0.0,0.0,0.0,,,,,,,,,,7.0,1.0,45.0,2.0,135.0,29.0,1.0,2800.0,5.0,9.0,2.0
235,10,2026-03-26 16:49:32,2026-03-26 16:52:26,1,0.0,25.0,50.0,75.0,100.0,125.0,150.0,175.0,200.0,,,,,,,,,,,,,,,,,,,,,,,,,,,,7.0,0.0,,,,,,,,,
236,4,2026-03-26 16:49:50,2026-03-26 16:50:11,1,,,,,,,,,,,,,,,,,,,,,,,,,,,,,,,,,,,,,,,,,,,,,,,
237,10,2026-03-26 17:03:02,2026-03-26 17:06:18,3,,,,,,,,,,,,,,,,,,,-80.0,-60.0,-40.0,-20.0,0.0,0.0,0.0,0.0,0.0,,,,,,,,,,7.0,0.0,,,,,,,,,
238,13,2026-03-26 17:06:11,2026-03-26 17:18:03,3,,,,,,,,,,,,,,,,,,,-100.0,-25.0,-50.0,-20.0,0.0,20.0,40.0,80.0,100.0,,,,,,,,,,7.0,1.0,45.0,2.0,110.0,64.0,1.0,1500.0,7.0,4.0,5.0
239,7,2026-03-26 17:09:59,2026-03-26 17:10:55,4,,,,,,,,,,,,,,,,,,,,,,,,,,,,,,,,,,,,,,,,,,,,,,,
240,13,2026-03-26 17:15:12,2026-03-26 17:20:42,1,80.0,60.0,40.0,20.0,0.0,0.0,0.0,0.0,0.0,,,,,,,,,,,,,,,,,,,,,,,,,,,,7.0,1.0,50.0,1.0,63.0,66.0,1.0,1350.0,5.0,11.0,4.0
241,13,2026-03-26 17:20:42,2026-03-26 17:28:26,4,,,,,,,,,,,,,,,,,,,,,,,,,,,,10.0,10.0,10.0,10.0,0.0,5.0,5.0,6.0,8.0,7.0,1.0,50.0,2.0,63.0,41.0,1.0,2600.0,4.0,7.0,3.0
242,13,2026-03-26 17:22:41,2026-03-26 17:27:30,4,,,,,,,,,,,,,,,,,,,,,,,,,,,,100.0,100.0,100.0,0.0,0.0,0.0,0.0,0.0,0.0,7.0,1.0,50.0,1.0,48.0,54.0,3.0,1173.0,5.0,2.0,4.0
243,13,2026-03-26 17:26:23,2026-03-26 17:33:05,1,-80.0,-60.0,-40.0,-20.0,0.0,20.0,40.0,60.0,80.0,,,,,,,,,,,,,,,,,,,,,,,,,,,,7.0,1.0,45.0,3.0,120.0,46.0,,5000.0,8.0,10.0,4.0
244,6,2026-03-26 17:28:47,2026-03-26 17:28:58,3,,,,,,,,,,,,,,,,,,,,,,,,,,,,,,,,,,,,,,,,,,,,,,,
245,5,2026-03-26 17:41:32,2026-03-26 17:41:51,2,,,,,,,,,,,,,,,,,,,,,,,,,,,,,,,,,,,,,,,,,,,,,,,
246,10,2026-03-26 17:46:25,2026-03-26 17:49:51,1,-50.0,-40.0,-20.0,-10.0,0.0,20.0,30.0,40.0,60.0,,,,,,,,,,,,,,,,,,,,,,,,,,,,7.0,1.0,,,,,,,,,
247,6,2026-03-26 17:49:59,2026-03-26 17:50:25,3,,,,,,,,,,,,,,,,,,,,,,,,,,,,,,,,,,,,,,,,,,,,,,,
248,4,2026-03-26 17:52:29,2026-03-26 17:53:38,1,,,,,,,,,,,,,,,,,,,,,,,,,,,,,,,,,,,,,,,,,,,,,,,
249,13,2026-03-26 17:52:48,2026-03-26 17:58:55,3,,,,,,,,,,,,,,,,,,,-100.0,-80.0,-50.0,-20.0,0.0,30.0,50.0,80.0,100.0,,,,,,,,,,7.0,1.0,40.0,1.0,40.0,26.0,1.0,1300.0,7.0,8.0,3.0
250,3,2026-03-26 17:58:03,2026-03-26 17:58:11,4,,,,,,,,,,,,,,,,,,,,,,,,,,,,,,,,,,,,,,,,,,,,,,,
251,13,2026-03-26 18:10:14,2026-03-26 18:16:47,2,,,,,,,,,,80.0,80.0,80.0,80.0,80.0,80.0,80.0,80.0,80.0,,,,,,,,,,,,,,,,,,,7.0,1.0,60.0,1.0,70.0,55.0,1.0,2600.0,5.0,7.0,2.0
252,13,2026-03-26 18:13:19,2026-03-26 18:16:16,3,,,,,,,,,,,,,,,,,,,0.0,20.0,40.0,60.0,80.0,100.0,120.0,140.0,160.0,,,,,,,,,,7.0,1.0,30.0,2.0,77.0,19.0,1.0,4000.0,4.0,4.0,3.0
253,13,2026-03-26 18:24:51,2026-03-26 18:30:32,3,,,,,,,,,,,,,,,,,,,0.0,20.0,40.0,60.0,0.0,100.0,120.0,140.0,160.0,,,,,,,,,,7.0,1.0,100.0,4.0,150.0,19.0,3.0,30000.0,4.0,9.0,4.0
254,7,2026-03-26 18:28:35,2026-03-26 18:29:09,4,,,,,,,,,,,,,,,,,,,,,,,,,,,,,,,,,,,,,,,,,,,,,,,
255,3,2026-03-26 18:30:01,2026-03-26 18:30:16,1,,,,,,,,,,,,,,,,,,,,,,,,,,,,,,,,,,,,,,,,,,,,,,,
256,13,2026-03-26 18:35:45,2026-03-26 18:40:51,1,-10.0,-8.0,-5.0,-3.0,0.0,3.0,6.0,8.0,9.0,,,,,,,,,,,,,,,,,,,,,,,,,,,,7.0,1.0,40.0,2.0,64.0,23.0,1.0,1100.0,4.0,9.0,2.0
257,13,2026-03-26 18:51:20,2026-03-26 18:57:49,4,,,,,,,,,,,,,,,,,,,,,,,,,,,,0.0,1.0,2.0,7.0,10.0,9.0,8.0,7.0,7.0,7.0,1.0,50.0,2.0,100.0,47.0,1.0,2500.0,5.0,3.0,5.0
258,13,2026-03-26 18:57:47,2026-03-26 19:13:42,2,,,,,,,,,,-100.0,-80.0,-50.0,-20.0,0.0,20.0,40.0,60.0,80.0,,,,,,,,,,,,,,,,,,,7.0,1.0,50.0,2.0,172.0,43.0,3.0,2850.0,4.0,10.0,2.0
259,3,2026-03-26 19:10:39,2026-03-26 19:10:55,4,,,,,,,,,,,,,,,,,,,,,,,,,,,,,,,,,,,,,,,,,,,,,,,
260,13,2026-03-26 19:11:02,2026-03-26 19:14:59,3,,,,,,,,,,,,,,,,,,,-10.0,-5.0,-3.0,-2.0,0.0,2.0,5.0,8.0,10.0,,,,,,,,,,7.0,1.0,30.0,3.0,150.0,44.0,3.0,3000.0,4.0,9.0,3.0
261,10,2026-03-26 19:16:07,2026-03-26 19:20:53,2,,,,,,,,,,-10.0,-6.0,-3.0,-1.0,0.0,2.0,5.0,8.0,10.0,,,,,,,,,,,,,,,,,,,7.0,0.0,,,,,,,,,
262,3,2026-03-26 19:25:46,2026-03-26 19:26:26,2,,,,,,,,,,,,,,,,,,,,,,,,,,,,,,,,,,,,,,,,,,,,,,,
263,10,2026-03-26 19:38:11,2026-03-26 19:41:18,2,,,,,,,,,,-100.0,-99.0,-60.0,-25.0,0.0,10.0,40.0,30.0,30.0,,,,,,,,,,,,,,,,,,,7.0,0.0,,,,,,,,,
264,13,2026-03-26 19:40:53,2026-03-26 19:46:37,3,,,,,,,,,,,,,,,,,,,0.0,20.0,50.0,60.0,100.0,120.0,140.0,160.0,180.0,,,,,,,,,,7.0,1.0,45.0,3.0,140.0,35.0,1.0,1900.0,7.0,9.0,4.0
265,6,2026-03-26 19:42:31,2026-03-26 19:50:14,3,,,,,,,,,,,,,,,,,,,,,,,,,,,,,,,,,,,,,,,,,,,,,,,
266,13,2026-03-26 19:45:55,2026-03-26 19:48:50,2,,,,,,,,,,-10.0,-8.0,-5.0,-2.0,0.0,2.0,5.0,8.0,10.0,,,,,,,,,,,,,,,,,,,7.0,1.0,30.0,1.0,30.0,28.0,3.0,1000.0,4.0,1.0,5.0
267,13,2026-03-26 19:46:29,2026-03-26 19:53:51,3,,,,,,,,,,,,,,,,,,,-100.0,-75.0,-50.0,-25.0,0.0,25.0,50.0,75.0,100.0,,,,,,,,,,7.0,1.0,40.0,2.0,115.0,55.0,3.0,5100.0,7.0,11.0,3.0
268,10,2026-03-26 19:48:41,2026-03-26 19:50:40,1,60.0,60.0,60.0,60.0,0.0,0.0,0.0,0.0,0.0,,,,,,,,,,,,,,,,,,,,,,,,,,,,7.0,0.0,,,,,,,,,
269,13,2026-03-26 19:58:44,2026-03-26 20:04:35,3,,,,,,,,,,,,,,,,,,,-10.0,-4.0,-3.0,-2.0,0.0,1.0,3.0,4.0,5.0,,,,,,,,,,7.0,1.0,40.0,1.0,60.0,20.0,2.0,900.0,5.0,4.0,2.0
270,7,2026-03-26 20:02:32,2026-03-26 20:02:45,4,,,,,,,,,,,,,,,,,,,,,,,,,,,,,,,,,,,,,,,,,,,,,,,
271,3,2026-03-26 20:08:49,2026-03-26 20:09:10,3,,,,,,,,,,,,,,,,,,,,,,,,,,,,,,,,,,,,,,,,,,,,,,,
272,13,2026-03-26 20:10:06,2026-03-26 20:12:24,3,,,,,,,,,,,,,,,,,,,0.0,20.0,40.0,60.0,80.0,100.0,120.0,140.0,160.0,,,,,,,,,,7.0,1.0,27.0,2.0,130.0,51.0,3.0,5500.0,8.0,10.0,5.0
273,4,2026-03-26 20:10:52,2026-03-26 20:11:14,1,,,,,,,,,,,,,,,,,,,,,,,,,,,,,,,,,,,,,,,,,,,,,,,
274,6,2026-03-26 20:12:18,2026-03-26 20:13:42,3,,,,,,,,,,,,,,,,,,,,,,,,,,,,,,,,,,,,,,,,,,,,,,,
275,13,2026-03-26 20:26:14,2026-03-26 20:30:04,1,-100.0,-75.0,-50.0,-25.0,0.0,15.0,50.0,75.0,100.0,,,,,,,,,,,,,,,,,,,,,,,,,,,,7.0,1.0,30.0,3.0,145.0,60.0,3.0,4100.0,8.0,9.0,3.0
276,13,2026-03-26 20:34:24,2026-03-26 20:39:16,3,,,,,,,,,,,,,,,,,,,10.0,20.0,40.0,20.0,0.0,110.0,140.0,160.0,80.0,,,,,,,,,,7.0,1.0,40.0,2.0,95.0,47.0,1.0,2500.0,7.0,15.0,3.0
277,13,2026-03-26 20:43:03,2026-03-26 20:49:01,4,,,,,,,,,,,,,,,,,,,,,,,,,,,,-5.0,-4.0,-4.0,-3.0,-1.0,-1.0,-3.0,-4.0,-5.0,7.0,1.0,25.0,3.0,100.0,20.0,1.0,500.0,4.0,2.0,2.0
278,6,2026-03-26 20:52:07,2026-03-26 20:52:15,3,,,,,,,,,,,,,,,,,,,,,,,,,,,,,,,,,,,,,,,,,,,,,,,
279,13,2026-03-26 21:07:14,2026-03-26 21:11:19,1,0.0,20.0,0.0,0.0,0.0,40.0,60.0,80.0,100.0,,,,,,,,,,,,,,,,,,,,,,,,,,,,7.0,1.0,60.0,1.0,50.0,35.0,1.0,1250.0,5.0,14.0,4.0
280,13,2026-03-26 21:10:26,2026-03-26 21:22:51,4,,,,,,,,,,,,,,,,,,,,,,,,,,,,-5.0,-3.0,-2.0,-1.0,0.0,2.0,4.0,6.0,10.0,7.0,1.0,70.0,1.0,70.0,51.0,1.0,2400.0,3.0,2.0,4.0
281,2,2026-03-26 21:14:16,2026-03-26 21:14:16,3,,,,,,,,,,,,,,,,,,,,,,,,,,,,,,,,,,,,,,,,,,,,,,,
282,13,2026-03-26 21:14:17,2026-03-26 21:18:50,3,,,,,,,,,,,,,,,,,,,-100.0,-80.0,-40.0,-20.0,0.0,20.0,40.0,60.0,100.0,,,,,,,,,,7.0,1.0,40.0,2.0,77.0,38.0,3.0,2900.0,5.0,6.0,5.0
283,13,2026-03-26 21:16:34,2026-03-26 21:24:30,4,,,,,,,,,,,,,,,,,,,,,,,,,,,,-1.0,-1.0,-1.0,0.0,1.0,2.0,3.0,4.0,5.0,7.0,1.0,35.0,3.0,200.0,58.0,3.0,1000.0,5.0,9.0,5.0
284,13,2026-03-26 21:21:15,2026-03-26 21:25:05,1,0.0,0.0,30.0,50.0,100.0,110.0,120.0,140.0,160.0,,,,,,,,,,,,,,,,,,,,,,,,,,,,7.0,1.0,45.0,2.0,78.0,58.0,1.0,1200.0,2.0,2.0,2.0
285,13,2026-03-26 21:30:14,2026-03-26 21:35:27,2,,,,,,,,,,-5.0,-3.0,-2.0,-1.0,1.0,2.0,3.0,4.0,5.0,,,,,,,,,,,,,,,,,,,7.0,1.0,50.0,2.0,200.0,24.0,3.0,603.0,7.0,11.0,4.0
286,5,2026-03-26 21:33:36,2026-03-26 21:33:52,2,,,,,,,,,,,,,,,,,,,,,,,,,,,,,,,,,,,,,,,,,,,,,,,
287,13,2026-03-26 21:45:09,2026-03-26 21:50:48,3,,,,,,,,,,,,,,,,,,,-80.0,-60.0,-40.0,-20.0,0.0,20.0,40.0,60.0,80.0,,,,,,,,,,7.0,1.0,90.0,1.0,90.0,31.0,1.0,0.0,8.0,2.0,4.0
288,13,2026-03-26 22:00:27,2026-03-26 22:19:43,4,,,,,,,,,,,,,,,,,,,,,,,,,,,,-10.0,-8.0,-6.0,0.0,3.0,-2.0,-4.0,-6.0,-7.0,7.0,1.0,36.0,1.0,36.0,32.0,1.0,1060.0,7.0,1.0,4.0
289,13,2026-03-26 22:21:18,2026-03-26 22:28:42,2,,,,,,,,,,-10.0,-9.0,-5.0,-2.0,1.0,3.0,5.0,7.0,10.0,,,,,,,,,,,,,,,,,,,7.0,1.0,30.0,4.0,88.0,46.0,1.0,1160.0,5.0,7.0,4.0
290,8,2026-03-26 22:30:18,2026-03-26 22:32:16,1,10.0,16.0,20.0,12.0,10.0,9.0,8.0,40.0,30.0,,,,,,,,,,,,,,,,,,,,,,,,,,,,2.0,,,,,,,,,,
291,13,2026-03-26 22:36:37,2026-03-26 22:44:41,4,,,,,,,,,,,,,,,,,,,,,,,,,,,,-5.0,-4.0,-3.0,-2.0,1.0,2.0,3.0,5.0,4.0,7.0,1.0,50.0,2.0,90.0,38.0,1.0,1889.0,5.0,11.0,3.0
292,2,2026-03-26 22:37:17,2026-03-26 22:37:17,4,,,,,,,,,,,,,,,,,,,,,,,,,,,,,,,,,,,,,,,,,,,,,,,
293,2,2026-03-26 22:48:32,2026-03-26 22:48:32,3,,,,,,,,,,,,,,,,,,,,,,,,,,,,,,,,,,,,,,,,,,,,,,,
294,13,2026-03-26 22:52:20,2026-03-26 22:56:02,1,0.0,20.0,40.0,60.0,80.0,100.0,120.0,140.0,160.0,,,,,,,,,,,,,,,,,,,,,,,,,,,,7.0,1.0,30.0,2.0,35.0,37.0,1.0,1500.0,7.0,6.0,4.0
295,10,2026-03-26 22:55:07,2026-03-26 22:59:28,2,,,,,,,,,,5.0,5.0,5.0,5.0,0.0,0.0,4.0,6.0,7.0,,,,,,,,,,,,,,,,,,,7.0,0.0,,,,,,,,,
296,3,2026-03-26 23:03:38,2026-03-26 23:03:50,1,,,,,,,,,,,,,,,,,,,,,,,,,,,,,,,,,,,,,,,,,,,,,,,
297,3,2026-03-26 23:09:34,2026-03-26 23:09:41,4,,,,,,,,,,,,,,,,,,,,,,,,,,,,,,,,,,,,,,,,,,,,,,,
298,13,2026-03-26 23:21:15,2026-03-26 23:24:26,2,,,,,,,,,,-10.0,-7.0,-5.0,-3.0,0.0,2.0,4.0,5.0,5.0,,,,,,,,,,,,,,,,,,,7.0,1.0,20.0,2.0,46.0,21.0,1.0,500.0,4.0,6.0,5.0
299,13,2026-03-26 23:39:43,2026-03-26 23:41:45,1,0.0,20.0,40.0,60.0,80.0,100.0,200.0,200.0,240.0,,,,,,,,,,,,,,,,,,,,,,,,,,,,7.0,1.0,50.0,1.0,50.0,22.0,1.0,1100.0,4.0,10.0,1.0
300,7,2026-03-26 23:54:39,2026-03-26 23:54:46,4,,,,,,,,,,,,,,,,,,,,,,,,,,,,,,,,,,,,,,,,,,,,,,,
301,10,2026-03-27 01:37:57,2026-03-27 01:56:07,2,,,,,,,,,,40.0,30.0,20.0,30.0,40.0,30.0,40.0,30.0,39.0,,,,,,,,,,,,,,,,,,,7.0,0.0,,,,,,,,,
302,13,2026-03-27 01:44:02,2026-03-27 01:51:54,2,,,,,,,,,,100.0,100.0,80.0,70.0,20.0,0.0,40.0,75.0,100.0,,,,,,,,,,,,,,,,,,,7.0,1.0,40.0,2.0,100.0,58.0,3.0,3280.0,5.0,2.0,2.0
303,13,2026-03-27 02:12:45,2026-03-27 02:17:43,2,,,,,,,,,,0.0,0.0,5.0,7.0,10.0,10.0,5.0,3.0,0.0,,,,,,,,,,,,,,,,,,,7.0,1.0,25.0,3.0,50.0,29.0,3.0,1.5,3.0,3.0,3.0
304,7,2026-03-27 03:56:59,2026-03-27 03:58:25,4,,,,,,,,,,,,,,,,,,,,,,,,,,,,,,,,,,,,,,,,,,,,,,,
305,13,2026-03-27 04:06:33,2026-03-27 04:11:21,4,,,,,,,,,,,,,,,,,,,,,,,,,,,,0.0,20.0,40.0,60.0,80.0,100.0,100.0,0.0,90.0,7.0,1.0,180.0,4.0,175.0,44.0,3.0,6000.0,4.0,9.0,7.0
306,3,2026-03-27 05:35:01,2026-03-27 05:35:26,1,,,,,,,,,,,,,,,,,,,,,,,,,,,,,,,,,,,,,,,,,,,,,,,
307,10,2026-03-27 05:40:40,2026-03-27 05:52:11,4,,,,,,,,,,,,,,,,,,,,,,,,,,,,-80.0,-60.0,-40.0,-20.0,0.0,20.0,40.0,60.0,80.0,7.0,0.0,,,,,,,,,
308,13,2026-03-27 06:24:06,2026-03-27 06:28:47,2,,,,,,,,,,-100.0,-100.0,-25.0,-70.0,10.0,15.0,20.0,10.0,5.0,,,,,,,,,,,,,,,,,,,7.0,1.0,45.0,1.0,120.0,49.0,3.0,3600.0,5.0,2.0,4.0
309,13,2026-03-27 06:32:07,2026-03-27 06:41:36,2,,,,,,,,,,-100.0,-90.0,-60.0,-10.0,0.0,0.0,-10.0,-10.0,-30.0,,,,,,,,,,,,,,,,,,,7.0,1.0,22.0,2.0,57.0,40.0,1.0,3000.0,8.0,7.0,3.0
310,2,2026-03-27 07:19:12,2026-03-27 07:19:12,3,,,,,,,,,,,,,,,,,,,,,,,,,,,,,,,,,,,,,,,,,,,,,,,
311,7,2026-03-27 07:42:24,2026-03-27 07:42:33,4,,,,,,,,,,,,,,,,,,,,,,,,,,,,,,,,,,,,,,,,,,,,,,,
312,5,2026-03-27 07:48:15,2026-03-27 07:48:20,2,,,,,,,,,,,,,,,,,,,,,,,,,,,,,,,,,,,,,,,,,,,,,,,
313,7,2026-03-27 08:06:46,2026-03-27 08:06:56,4,,,,,,,,,,,,,,,,,,,,,,,,,,,,,,,,,,,,,,,,,,,,,,,
314,2,2026-03-27 08:22:51,2026-03-27 08:22:51,2,,,,,,,,,,,,,,,,,,,,,,,,,,,,,,,,,,,,,,,,,,,,,,,
315,3,2026-03-27 08:41:02,2026-03-27 08:41:11,4,,,,,,,,,,,,,,,,,,,,,,,,,,,,,,,,,,,,,,,,,,,,,,,
316,13,2026-03-27 08:43:13,2026-03-27 08:51:21,2,,,,,,,,,,2.0,2.0,3.0,3.0,0.0,5.0,5.0,5.0,5.0,,,,,,,,,,,,,,,,,,,7.0,1.0,50.0,2.0,80.0,72.0,1.0,950.0,3.0,10.0,4.0
317,2,2026-03-27 08:57:11,2026-03-27 08:57:11,3,,,,,,,,,,,,,,,,,,,,,,,,,,,,,,,,,,,,,,,,,,,,,,,
318,10,2026-03-27 09:07:46,2026-03-27 09:21:24,2,,,,,,,,,,-10.0,0.0,2.0,10.0,100.0,10.0,0.0,-10.0,-100.0,,,,,,,,,,,,,,,,,,,7.0,0.0,,,,,,,,,
319,10,2026-03-27 09:24:24,2026-03-27 09:26:36,2,,,,,,,,,,80.0,60.0,40.0,20.0,0.0,20.0,40.0,60.0,80.0,,,,,,,,,,,,,,,,,,,7.0,0.0,,,,,,,,,
320,13,2026-03-27 09:31:48,2026-03-27 09:36:16,1,-80.0,-60.0,-40.0,-20.0,0.0,20.0,40.0,60.0,80.0,,,,,,,,,,,,,,,,,,,,,,,,,,,,7.0,1.0,40.0,1.0,35.0,66.0,1.0,1.3,4.0,1.0,2.0
321,13,2026-03-27 09:55:24,2026-03-27 10:00:58,3,,,,,,,,,,,,,,,,,,,-80.0,-60.0,-40.0,-20.0,0.0,20.0,40.0,60.0,80.0,,,,,,,,,,7.0,1.0,40.0,3.0,90.0,43.0,1.0,1880.0,5.0,10.0,2.0
322,13,2026-03-27 09:57:50,2026-03-27 10:03:26,3,,,,,,,,,,,,,,,,,,,0.0,20.0,40.0,60.0,0.0,20.0,40.0,60.0,80.0,,,,,,,,,,7.0,1.0,40.0,2.0,82.0,52.0,1.0,0.0,5.0,10.0,4.0
323,10,2026-03-27 10:04:57,2026-03-27 10:30:35,1,10.0,9.0,8.0,6.0,0.0,20.0,40.0,60.0,80.0,,,,,,,,,,,,,,,,,,,,,,,,,,,,7.0,0.0,,,,,,,,,
324,13,2026-03-27 10:14:48,2026-03-27 10:21:38,1,0.0,25.0,50.0,75.0,100.0,125.0,150.0,160.0,200.0,,,,,,,,,,,,,,,,,,,,,,,,,,,,7.0,1.0,60.0,3.0,220.0,68.0,3.0,3500.0,6.0,9.0,4.0
325,6,2026-03-27 10:29:24,2026-03-27 10:29:33,3,,,,,,,,,,,,,,,,,,,,,,,,,,,,,,,,,,,,,,,,,,,,,,,
326,13,2026-03-27 10:44:41,2026-03-27 10:51:18,4,,,,,,,,,,,,,,,,,,,,,,,,,,,,-10.0,-7.0,-5.0,-3.0,0.0,0.0,0.0,5.0,10.0,7.0,1.0,50.0,2.0,100.0,61.0,3.0,4500.0,6.0,10.0,4.0
327,2,2026-03-27 11:09:48,2026-03-27 11:09:48,3,,,,,,,,,,,,,,,,,,,,,,,,,,,,,,,,,,,,,,,,,,,,,,,
328,13,2026-03-27 11:30:42,2026-03-27 11:34:51,3,,,,,,,,,,,,,,,,,,,-3.0,-2.0,-2.0,-1.0,0.0,0.0,0.0,0.0,0.0,,,,,,,,,,7.0,1.0,80.0,3.0,250.0,39.0,1.0,8600.0,8.0,10.0,3.0
329,10,2026-03-27 11:30:55,2026-03-27 11:33:46,4,,,,,,,,,,,,,,,,,,,,,,,,,,,,-10.0,-8.0,-6.0,0.0,5.0,0.0,5.0,10.0,20.0,7.0,0.0,,,,,,,,,
330,13,2026-03-27 11:31:04,2026-03-27 11:33:19,2,,,,,,,,,,-10.0,-5.0,-3.0,-2.0,0.0,3.0,5.0,7.0,8.0,,,,,,,,,,,,,,,,,,,7.0,1.0,50.0,1.0,60.0,39.0,3.0,2600.0,5.0,1.0,5.0
331,13,2026-03-27 11:31:08,2026-03-27 11:51:22,2,,,,,,,,,,-100.0,-80.0,-50.0,-20.0,0.0,20.0,50.0,80.0,100.0,,,,,,,,,,,,,,,,,,,7.0,1.0,50.0,2.0,350.0,36.0,1.0,3.5,5.0,2.0,4.0
332,13,2026-03-27 11:31:40,2026-03-27 11:36:53,1,-1.0,-1.0,-1.0,-1.0,0.0,1.0,1.0,1.0,1.0,,,,,,,,,,,,,,,,,,,,,,,,,,,,7.0,1.0,40.0,2.0,80.0,60.0,3.0,600.0,5.0,4.0,2.0
333,13,2026-03-27 11:32:36,2026-03-27 11:36:38,1,-5.0,-4.0,-3.0,-2.0,0.0,1.0,2.0,3.0,4.0,,,,,,,,,,,,,,,,,,,,,,,,,,,,7.0,1.0,45.0,1.0,49.0,73.0,3.0,1250.0,11.0,14.0,3.0
334,10,2026-03-27 11:32:38,2026-03-27 11:36:55,2,,,,,,,,,,0.0,2.0,3.0,0.0,0.0,0.0,0.0,4.0,5.0,,,,,,,,,,,,,,,,,,,7.0,0.0,,,,,,,,,
335,13,2026-03-27 11:32:43,2026-03-27 11:38:37,1,-100.0,-75.0,-50.0,-25.0,0.0,125.0,150.0,175.0,200.0,,,,,,,,,,,,,,,,,,,,,,,,,,,,7.0,1.0,50.0,3.0,150.0,30.0,3.0,2200.0,5.0,6.0,3.0
336,13,2026-03-27 11:32:43,2026-03-27 14:38:18,3,,,,,,,,,,,,,,,,,,,-90.0,-60.0,-40.0,-20.0,0.0,20.0,40.0,60.0,80.0,,,,,,,,,,7.0,1.0,30.0,2.0,90.0,28.0,3.0,,8.0,2.0,4.0
337,13,2026-03-27 11:32:48,2026-03-27 11:44:55,3,,,,,,,,,,,,,,,,,,,0.0,0.0,2.0,310.0,11.0,1015.0,151.0,20.0,40.0,,,,,,,,,,7.0,1.0,50.0,2.0,90.0,56.0,1.0,2000.0,3.0,10.0,4.0
338,13,2026-03-27 11:32:56,2026-03-27 11:38:52,2,,,,,,,,,,-80.0,-60.0,-50.0,-20.0,0.0,20.0,40.0,40.0,50.0,,,,,,,,,,,,,,,,,,,7.0,1.0,80.0,3.0,150.0,40.0,3.0,5000.0,5.0,9.0,7.0
339,2,2026-03-27 11:33:04,2026-03-27 11:33:04,1,,,,,,,,,,,,,,,,,,,,,,,,,,,,,,,,,,,,,,,,,,,,,,,
340,13,2026-03-27 11:33:24,2026-03-27 11:37:36,2,,,,,,,,,,-100.0,-80.0,-50.0,-20.0,0.0,20.0,60.0,80.0,100.0,,,,,,,,,,,,,,,,,,,7.0,1.0,50.0,2.0,119.0,31.0,1.0,2800.0,7.0,1.0,3.0
341,10,2026-03-27 11:33:47,2026-03-27 14:19:30,2,,,,,,,,,,80.0,25.0,50.0,75.0,100.0,125.0,150.0,160.0,200.0,,,,,,,,,,,,,,,,,,,2.0,1.0,,,,,,,,,
342,13,2026-03-27 11:34:14,2026-03-27 11:45:13,4,,,,,,,,,,,,,,,,,,,,,,,,,,,,2.0,1.0,3.0,0.0,1.0,0.0,0.0,0.0,0.0,7.0,1.0,60.0,1.0,79.0,69.0,3.0,3400.0,8.0,7.0,3.0
343,4,2026-03-27 11:34:43,2026-03-27 11:34:58,1,,,,,,,,,,,,,,,,,,,,,,,,,,,,,,,,,,,,,,,,,,,,,,,
344,13,2026-03-27 11:34:59,2026-03-27 11:39:35,4,,,,,,,,,,,,,,,,,,,,,,,,,,,,0.0,0.0,70.0,110.0,150.0,100.0,200.0,0.0,0.0,7.0,1.0,40.0,1.0,90.0,36.0,1.0,2600.0,5.0,7.0,4.0
345,5,2026-03-27 11:35:04,2026-03-27 11:35:19,2,,,,,,,,,,,,,,,,,,,,,,,,,,,,,,,,,,,,,,,,,,,,,,,
346,6,2026-03-27 11:35:48,2026-03-27 11:36:07,3,,,,,,,,,,,,,,,,,,,,,,,,,,,,,,,,,,,,,,,,,,,,,,,
347,5,2026-03-27 11:36:14,2026-03-27 11:37:36,2,,,,,,,,,,,,,,,,,,,,,,,,,,,,,,,,,,,,,,,,,,,,,,,
348,10,2026-03-27 11:36:40,2026-03-27 11:42:57,4,,,,,,,,,,,,,,,,,,,,,,,,,,,,1.0,-4.0,-1.0,0.0,2.0,2.0,4.0,6.0,8.0,7.0,0.0,,,,,,,,,
349,3,2026-03-27 11:37:42,2026-03-27 11:38:17,3,,,,,,,,,,,,,,,,,,,,,,,,,,,,,,,,,,,,,,,,,,,,,,,
350,7,2026-03-27 11:42:06,2026-03-27 11:42:15,4,,,,,,,,,,,,,,,,,,,,,,,,,,,,,,,,,,,,,,,,,,,,,,,
351,13,2026-03-27 11:43:33,2026-03-27 11:48:51,2,,,,,,,,,,-30.0,-20.0,-10.0,-5.0,0.0,10.0,20.0,30.0,40.0,,,,,,,,,,,,,,,,,,,7.0,1.0,10.0,2.0,120.0,68.0,3.0,2200.0,7.0,13.0,3.0
352,13,2026-03-27 11:43:36,2026-03-27 11:47:16,4,,,,,,,,,,,,,,,,,,,,,,,,,,,,-10.0,-7.0,-7.0,-3.0,0.0,0.0,-1.0,-20.0,-50.0,7.0,1.0,42.0,2.0,50.0,26.0,1.0,4000.0,7.0,1.0,1.0
353,4,2026-03-27 11:43:53,2026-03-27 11:44:28,1,,,,,,,,,,,,,,,,,,,,,,,,,,,,,,,,,,,,,,,,,,,,,,,
354,13,2026-03-27 11:45:59,2026-03-27 11:50:20,1,-10000000.0,-1000000.0,-10000.0,-1000.0,0.0,1000.0,10000.0,1000000.0,10000000.0,,,,,,,,,,,,,,,,,,,,,,,,,,,,7.0,1.0,60.0,3.0,140.0,23.0,3.0,1150.0,4.0,9.0,4.0
355,13,2026-03-27 11:45:59,2026-03-27 11:51:01,3,,,,,,,,,,,,,,,,,,,-100.0,-75.0,-50.0,-20.0,0.0,25.0,50.0,75.0,100.0,,,,,,,,,,7.0,1.0,30.0,2.0,78.0,65.0,3.0,2500.0,6.0,10.0,3.0
356,2,2026-03-27 11:45:59,2026-03-27 11:45:59,2,,,,,,,,,,,,,,,,,,,,,,,,,,,,,,,,,,,,,,,,,,,,,,,
357,13,2026-03-27 11:46:05,2026-03-27 11:48:36,4,,,,,,,,,,,,,,,,,,,,,,,,,,,,10.0,15.0,50.0,70.0,90.0,80.0,70.0,30.0,60.0,7.0,1.0,20.0,3.0,140.0,42.0,3.0,6000.0,7.0,2.0,6.0
358,13,2026-03-27 11:46:58,2026-03-27 12:01:11,4,,,,,,,,,,,,,,,,,,,,,,,,,,,,0.0,25.0,50.0,75.0,100.0,120.0,140.0,170.0,200.0,7.0,1.0,10.0,3.0,150.0,45.0,3.0,2500.0,5.0,2.0,4.0
359,13,2026-03-27 11:48:05,2026-03-27 11:50:47,1,80.0,60.0,40.0,20.0,0.0,0.0,0.0,0.0,0.0,,,,,,,,,,,,,,,,,,,,,,,,,,,,7.0,1.0,50.0,1.0,70.0,63.0,3.0,2000.0,7.0,1.0,7.0
360,7,2026-03-27 11:50:57,2026-03-27 11:55:17,4,,,,,,,,,,,,,,,,,,,,,,,,,,,,,,,,,,,,,,,,,,,,,,,
361,13,2026-03-27 11:51:23,2026-03-27 11:55:30,1,0.0,0.0,0.0,3.0,10.0,12.0,15.0,20.0,30.0,,,,,,,,,,,,,,,,,,,,,,,,,,,,7.0,1.0,50.0,2.0,160.0,44.0,1.0,3800.0,5.0,7.0,5.0
362,7,2026-03-27 11:51:43,2026-03-27 11:51:51,4,,,,,,,,,,,,,,,,,,,,,,,,,,,,,,,,,,,,,,,,,,,,,,,
363,13,2026-03-27 11:51:44,2026-03-27 11:54:28,1,0.0,20.0,40.0,60.0,80.0,100.0,120.0,140.0,160.0,,,,,,,,,,,,,,,,,,,,,,,,,,,,7.0,1.0,40.0,1.0,45.0,31.0,3.0,3000.0,5.0,2.0,3.0
364,3,2026-03-27 11:53:52,2026-03-27 11:54:30,2,,,,,,,,,,,,,,,,,,,,,,,,,,,,,,,,,,,,,,,,,,,,,,,
365,13,2026-03-27 11:53:57,2026-03-27 12:05:37,4,,,,,,,,,,,,,,,,,,,,,,,,,,,,-5.0,-4.0,-3.0,1.0,3.0,4.0,5.0,6.0,7.0,7.0,1.0,55.0,3.0,180.0,58.0,1.0,2600.0,5.0,9.0,3.0
366,13,2026-03-27 11:55:16,2026-03-27 11:58:53,1,80.0,60.0,40.0,20.0,0.0,-20.0,-40.0,-60.0,-80.0,,,,,,,,,,,,,,,,,,,,,,,,,,,,7.0,1.0,90.0,4.0,80.0,38.0,1.0,1300.0,4.0,10.0,4.0
367,13,2026-03-27 11:55:26,2026-03-27 12:24:10,3,,,,,,,,,,,,,,,,,,,1.0,0.0,2.0,4.0,0.0,6.0,5.0,7.0,8.0,,,,,,,,,,7.0,1.0,36.0,1.0,36.0,61.0,3.0,2200.0,5.0,3.0,4.0
368,2,2026-03-27 11:59:43,2026-03-27 11:59:43,1,,,,,,,,,,,,,,,,,,,,,,,,,,,,,,,,,,,,,,,,,,,,,,,
369,13,2026-03-27 12:00:17,2026-03-27 12:04:50,2,,,,,,,,,,10.0,8.0,5.0,3.0,0.0,2.0,4.0,6.0,8.0,,,,,,,,,,,,,,,,,,,7.0,1.0,50.0,1.0,68.0,58.0,1.0,2700.0,5.0,2.0,4.0
370,13,2026-03-27 12:00:56,2026-03-27 12:06:17,1,10.0,0.0,40.0,80.0,100.0,120.0,150.0,200.0,200.0,,,,,,,,,,,,,,,,,,,,,,,,,,,,7.0,1.0,50.0,3.0,107.0,28.0,1.0,1300.0,3.0,10.0,4.0
371,13,2026-03-27 12:03:29,2026-03-27 12:05:43,3,,,,,,,,,,,,,,,,,,,0.0,20.0,40.0,60.0,80.0,100.0,100.0,100.0,100.0,,,,,,,,,,7.0,1.0,50.0,1.0,27.0,47.0,3.0,2470.0,8.0,15.0,4.0
372,13,2026-03-27 12:07:38,2026-03-27 13:26:30,4,,,,,,,,,,,,,,,,,,,,,,,,,,,,-100.0,-80.0,-50.0,0.0,30.0,40.0,75.0,0.0,100.0,7.0,1.0,40.0,3.0,115.0,71.0,3.0,3600.0,7.0,3.0,4.0
373,4,2026-03-27 12:07:59,2026-03-27 12:08:15,1,,,,,,,,,,,,,,,,,,,,,,,,,,,,,,,,,,,,,,,,,,,,,,,
374,13,2026-03-27 12:14:50,2026-03-27 12:29:56,3,,,,,,,,,,,,,,,,,,,-4.0,-3.0,-2.0,-1.0,0.0,1.0,2.0,3.0,4.0,,,,,,,,,,7.0,1.0,50.0,2.0,130.0,57.0,1.0,1700.0,5.0,4.0,3.0
375,10,2026-03-27 12:15:09,2026-03-27 12:26:47,4,,,,,,,,,,,,,,,,,,,,,,,,,,,,0.0,5.0,5.0,5.0,0.0,1.0,2.0,5.0,4.0,7.0,0.0,,,,,,,,,
376,13,2026-03-27 12:16:00,2026-03-27 12:39:42,1,-100.0,-80.0,-60.0,-10.0,0.0,10.0,15.0,30.0,100.0,,,,,,,,,,,,,,,,,,,,,,,,,,,,7.0,1.0,35.0,1.0,43.0,29.0,2.0,2000.0,7.0,3.0,3.0
377,13,2026-03-27 12:18:57,2026-03-27 12:21:26,2,,,,,,,,,,0.0,20.0,40.0,60.0,100.0,120.0,140.0,160.0,180.0,,,,,,,,,,,,,,,,,,,7.0,1.0,20.0,2.0,80.0,36.0,3.0,1850.0,5.0,1.0,4.0
378,5,2026-03-27 12:19:46,2026-03-27 12:19:55,2,,,,,,,,,,,,,,,,,,,,,,,,,,,,,,,,,,,,,,,,,,,,,,,
379,2,2026-03-27 12:19:52,2026-03-27 12:19:52,1,,,,,,,,,,,,,,,,,,,,,,,,,,,,,,,,,,,,,,,,,,,,,,,
380,13,2026-03-27 12:21:37,2026-03-27 12:27:02,3,,,,,,,,,,,,,,,,,,,-10.0,-5.0,-4.0,-3.0,0.0,2.0,5.0,8.0,10.0,,,,,,,,,,7.0,1.0,75.0,1.0,125.0,62.0,1.0,2500.0,5.0,15.0,4.0
381,13,2026-03-27 12:24:30,2026-03-27 12:30:24,1,10.0,9.0,8.0,6.0,0.0,1.0,2.0,3.0,4.0,,,,,,,,,,,,,,,,,,,,,,,,,,,,7.0,1.0,30.0,2.0,110.0,66.0,3.0,2600.0,2.0,9.0,4.0
382,13,2026-03-27 12:25:55,2026-03-27 12:28:02,2,,,,,,,,,,-100.0,-75.0,-50.0,-25.0,0.0,0.0,0.0,20.0,40.0,,,,,,,,,,,,,,,,,,,7.0,1.0,30.0,2.0,90.0,34.0,3.0,4000.0,7.0,10.0,6.0
383,3,2026-03-27 12:28:47,2026-03-27 12:28:56,4,,,,,,,,,,,,,,,,,,,,,,,,,,,,,,,,,,,,,,,,,,,,,,,
384,13,2026-03-27 12:29:15,2026-03-27 12:36:35,3,,,,,,,,,,,,,,,,,,,0.0,10.0,50.0,70.0,95.0,50.0,50.0,50.0,20.0,,,,,,,,,,7.0,1.0,45.0,2.0,45.0,38.0,1.0,3000.0,5.0,10.0,3.0
385,3,2026-03-27 12:30:21,2026-03-27 12:30:45,1,,,,,,,,,,,,,,,,,,,,,,,,,,,,,,,,,,,,,,,,,,,,,,,
386,10,2026-03-27 12:31:38,2026-03-27 12:36:56,1,80.0,20.0,40.0,20.0,100.0,100.0,120.0,140.0,160.0,,,,,,,,,,,,,,,,,,,,,,,,,,,,3.0,0.0,,,,,,,,,
387,13,2026-03-27 12:33:31,2026-03-27 12:36:06,3,,,,,,,,,,,,,,,,,,,-100.0,-75.0,-60.0,-10.0,0.0,25.0,75.0,200.0,500.0,,,,,,,,,,7.0,1.0,40.0,3.0,90.0,47.0,3.0,7650.0,8.0,1.0,5.0
388,13,2026-03-27 12:35:36,2026-03-27 12:41:42,4,,,,,,,,,,,,,,,,,,,,,,,,,,,,0.0,0.0,1.0,8.0,10.0,10.0,10.0,10.0,10.0,7.0,1.0,40.0,4.0,120.0,34.0,1.0,1300.0,3.0,11.0,4.0
389,13,2026-03-27 12:36:40,2026-03-27 12:39:27,1,0.0,-60.0,-50.0,-40.0,0.0,20.0,120.0,140.0,160.0,,,,,,,,,,,,,,,,,,,,,,,,,,,,7.0,1.0,40.0,3.0,146.0,35.0,1.0,2500.0,6.0,1.0,4.0
390,3,2026-03-27 12:37:59,2026-03-27 12:38:16,3,,,,,,,,,,,,,,,,,,,,,,,,,,,,,,,,,,,,,,,,,,,,,,,
391,13,2026-03-27 12:40:48,2026-03-27 12:43:25,4,,,,,,,,,,,,,,,,,,,,,,,,,,,,6.0,3.0,5.0,6.0,7.0,8.0,6.0,5.0,5.0,7.0,1.0,60.0,2.0,70.0,27.0,3.0,2600.0,7.0,10.0,5.0
392,6,2026-03-27 12:43:20,2026-03-27 12:43:41,3,,,,,,,,,,,,,,,,,,,,,,,,,,,,,,,,,,,,,,,,,,,,,,,
393,13,2026-03-27 12:47:35,2026-03-27 12:52:18,3,,,,,,,,,,,,,,,,,,,100.0,100.0,100.0,30.0,5.0,30.0,15.0,20.0,5.0,,,,,,,,,,7.0,1.0,50.0,1.0,35.0,36.0,3.0,1290.0,3.0,3.0,5.0
394,13,2026-03-27 12:49:28,2026-03-27 13:30:05,3,,,,,,,,,,,,,,,,,,,-80.0,-60.0,-40.0,-20.0,0.0,20.0,40.0,60.0,80.0,,,,,,,,,,7.0,1.0,50.0,2.0,142.0,38.0,3.0,3550.0,11.0,7.0,1.0
395,13,2026-03-27 12:50:27,2026-03-27 12:55:01,4,,,,,,,,,,,,,,,,,,,,,,,,,,,,0.0,2.0,2.0,2.0,0.0,1.0,1.0,2.0,4.0,7.0,1.0,30.0,4.0,140.0,48.0,1.0,560.0,2.0,1.0,4.0
396,13,2026-03-27 12:50:57,2026-03-27 12:58:34,4,,,,,,,,,,,,,,,,,,,,,,,,,,,,40.0,30.0,30.0,2.0,0.0,0.0,0.0,0.0,0.0,7.0,1.0,60.0,2.0,120.0,70.0,1.0,3000.0,5.0,9.0,5.0
397,7,2026-03-27 12:51:36,2026-03-27 12:51:56,4,,,,,,,,,,,,,,,,,,,,,,,,,,,,,,,,,,,,,,,,,,,,,,,
398,13,2026-03-27 12:52:57,2026-03-27 12:58:53,4,,,,,,,,,,,,,,,,,,,,,,,,,,,,0.0,20.0,40.0,60.0,80.0,100.0,120.0,140.0,160.0,7.0,1.0,50.0,1.0,63.0,59.0,1.0,1800.0,4.0,10.0,4.0
399,3,2026-03-27 12:55:44,2026-03-27 12:55:56,1,,,,,,,,,,,,,,,,,,,,,,,,,,,,,,,,,,,,,,,,,,,,,,,
400,13,2026-03-27 13:05:05,2026-03-27 13:07:51,1,0.0,20.0,40.0,60.0,80.0,100.0,120.0,140.0,160.0,,,,,,,,,,,,,,,,,,,,,,,,,,,,7.0,1.0,60.0,4.0,95.0,39.0,3.0,2500.0,5.0,2.0,4.0
401,10,2026-03-27 13:08:38,2026-03-27 13:15:53,2,,,,,,,,,,10.0,10.0,85.0,5.0,0.0,5.0,5.0,0.0,0.0,,,,,,,,,,,,,,,,,,,7.0,0.0,,,,,,,,,
402,10,2026-03-27 13:09:03,2026-03-27 13:11:37,2,,,,,,,,,,23.0,3.0,5.0,7.0,10.0,2.0,2.0,0.0,0.0,,,,,,,,,,,,,,,,,,,7.0,0.0,,,,,,,,,
403,3,2026-03-27 13:10:58,2026-03-27 13:11:03,4,,,,,,,,,,,,,,,,,,,,,,,,,,,,,,,,,,,,,,,,,,,,,,,
404,3,2026-03-27 13:11:01,2026-03-27 13:11:06,3,,,,,,,,,,,,,,,,,,,,,,,,,,,,,,,,,,,,,,,,,,,,,,,
405,5,2026-03-27 13:19:48,2026-03-27 13:19:56,2,,,,,,,,,,,,,,,,,,,,,,,,,,,,,,,,,,,,,,,,,,,,,,,
406,13,2026-03-27 13:21:06,2026-03-27 13:27:01,3,,,,,,,,,,,,,,,,,,,-80.0,-60.0,-40.0,-20.0,0.0,20.0,40.0,60.0,80.0,,,,,,,,,,7.0,1.0,55.0,1.0,55.0,53.0,3.0,1400.0,8.0,2.0,4.0
407,8,2026-03-27 13:21:50,2026-03-27 13:59:30,1,0.0,60.0,40.0,60.0,80.0,100.0,120.0,140.0,160.0,,,,,,,,,,,,,,,,,,,,,,,,,,,,,,,,,,,,,,
408,13,2026-03-27 13:25:53,2026-03-27 13:44:49,3,,,,,,,,,,,,,,,,,,,-5.0,-4.0,-4.0,-3.0,0.0,0.0,1.0,0.0,1.0,,,,,,,,,,7.0,1.0,30.0,2.0,15.0,24.0,1.0,1300.0,3.0,16.0,6.0
409,6,2026-03-27 13:25:53,2026-03-27 13:26:54,3,,,,,,,,,,,,,,,,,,,,,,,,,,,,,,,,,,,,,,,,,,,,,,,
410,7,2026-03-27 13:26:40,2026-03-27 13:27:15,4,,,,,,,,,,,,,,,,,,,,,,,,,,,,,,,,,,,,,,,,,,,,,,,
411,13,2026-03-27 13:27:21,2026-03-27 13:31:48,4,,,,,,,,,,,,,,,,,,,,,,,,,,,,0.0,0.0,50.0,80.0,100.0,120.0,150.0,175.0,200.0,7.0,1.0,50.0,2.0,85.0,70.0,3.0,1900.0,5.0,10.0,4.0
412,3,2026-03-27 13:27:38,2026-03-27 13:27:59,3,,,,,,,,,,,,,,,,,,,,,,,,,,,,,,,,,,,,,,,,,,,,,,,
413,3,2026-03-27 13:31:12,2026-03-27 13:31:40,2,,,,,,,,,,,,,,,,,,,,,,,,,,,,,,,,,,,,,,,,,,,,,,,
414,12,2026-03-27 13:34:42,2026-03-27 13:39:35,1,0.0,20.0,40.0,60.0,100.0,100.0,120.0,140.0,160.0,,,,,,,,,,,,,,,,,,,,,,,,,,,,7.0,1.0,50.0,3.0,97.0,49.0,1.0,0.0,3.0,10.0,5.0
415,10,2026-03-27 13:35:44,2026-03-27 13:37:00,4,,,,,,,,,,,,,,,,,,,,,,,,,,,,0.0,0.0,0.0,70.0,70.0,70.0,70.0,70.0,0.0,7.0,0.0,,,,,,,,,
416,2,2026-03-27 13:36:01,2026-03-27 13:36:01,4,,,,,,,,,,,,,,,,,,,,,,,,,,,,,,,,,,,,,,,,,,,,,,,
417,2,2026-03-27 13:36:08,2026-03-27 13:36:08,3,,,,,,,,,,,,,,,,,,,,,,,,,,,,,,,,,,,,,,,,,,,,,,,
418,2,2026-03-27 13:36:17,2026-03-27 13:36:17,1,,,,,,,,,,,,,,,,,,,,,,,,,,,,,,,,,,,,,,,,,,,,,,,
419,10,2026-03-27 13:36:17,2026-03-27 13:41:28,1,-80.0,-60.0,-40.0,-20.0,0.0,20.0,40.0,60.0,80.0,,,,,,,,,,,,,,,,,,,,,,,,,,,,7.0,0.0,,,,,,,,,
420,10,2026-03-27 13:36:19,2026-03-27 13:39:32,2,,,,,,,,,,-5.0,-3.0,-2.0,-1.0,5.0,0.0,1.0,1.0,1.0,,,,,,,,,,,,,,,,,,,7.0,0.0,,,,,,,,,
421,13,2026-03-27 13:45:11,2026-03-27 13:49:29,1,80.0,60.0,40.0,20.0,0.0,120.0,140.0,160.0,200.0,,,,,,,,,,,,,,,,,,,,,,,,,,,,7.0,1.0,45.0,1.0,75.0,51.0,1.0,755.0,3.0,7.0,4.0
422,13,2026-03-27 13:49:07,2026-03-27 13:57:09,2,,,,,,,,,,-100.0,80.0,-60.0,-40.0,0.0,10.0,20.0,40.0,60.0,,,,,,,,,,,,,,,,,,,7.0,1.0,30.0,2.0,90.0,46.0,1.0,2600.0,5.0,15.0,2.0
423,3,2026-03-27 13:49:59,2026-03-27 13:52:35,4,,,,,,,,,,,,,,,,,,,,,,,,,,,,,,,,,,,,,,,,,,,,,,,
424,6,2026-03-27 13:54:41,2026-03-27 13:55:04,3,,,,,,,,,,,,,,,,,,,,,,,,,,,,,,,,,,,,,,,,,,,,,,,
425,7,2026-03-27 13:55:24,2026-03-27 13:55:47,4,,,,,,,,,,,,,,,,,,,,,,,,,,,,,,,,,,,,,,,,,,,,,,,
426,13,2026-03-27 13:55:28,2026-03-27 13:58:48,1,-80.0,-60.0,-40.0,-20.0,0.0,20.0,40.0,60.0,80.0,,,,,,,,,,,,,,,,,,,,,,,,,,,,7.0,1.0,40.0,2.0,165.0,58.0,3.0,4100.0,7.0,2.0,5.0
427,13,2026-03-27 13:56:23,2026-03-27 16:49:56,2,,,,,,,,,,0.0,0.0,0.0,50.0,100.0,60.0,40.0,20.0,0.0,,,,,,,,,,,,,,,,,,,7.0,1.0,60.0,3.0,125.0,58.0,3.0,2000.0,6.0,10.0,4.0
428,13,2026-03-27 13:57:25,2026-03-27 14:01:39,2,,,,,,,,,,-100.0,-80.0,-20.0,-10.0,0.0,0.0,0.0,-5.0,-10.0,,,,,,,,,,,,,,,,,,,7.0,1.0,30.0,4.0,310.0,30.0,1.0,0.0,4.0,11.0,3.0
429,13,2026-03-27 14:01:57,2026-03-27 14:09:28,1,-80.0,-60.0,-40.0,-10.0,0.0,20.0,40.0,60.0,80.0,,,,,,,,,,,,,,,,,,,,,,,,,,,,7.0,1.0,50.0,2.0,75.0,66.0,3.0,1250.0,5.0,1.0,5.0
430,13,2026-03-27 14:02:59,2026-03-27 14:08:47,4,,,,,,,,,,,,,,,,,,,,,,,,,,,,-5.0,-5.0,-5.0,-4.0,0.0,2.0,5.0,-5.0,-1.0,7.0,1.0,70.0,1.0,88.0,43.0,3.0,2800.0,5.0,14.0,4.0
431,13,2026-03-27 14:03:32,2026-03-27 14:07:08,1,-100.0,-90.0,-70.0,-50.0,0.0,120.0,140.0,150.0,170.0,,,,,,,,,,,,,,,,,,,,,,,,,,,,7.0,1.0,45.0,1.0,49.0,48.0,1.0,2500.0,5.0,3.0,3.0
432,7,2026-03-27 14:19:12,2026-03-27 14:19:32,4,,,,,,,,,,,,,,,,,,,,,,,,,,,,,,,,,,,,,,,,,,,,,,,
433,13,2026-03-27 14:23:21,2026-03-27 14:33:45,4,,,,,,,,,,,,,,,,,,,,,,,,,,,,-10.0,-10.0,-10.0,-5.0,-1.0,-2.0,-4.0,-10.0,-8.0,7.0,1.0,100.0,4.0,140.0,53.0,1.0,0.0,5.0,10.0,4.0
434,7,2026-03-27 14:24:00,2026-03-27 14:26:27,4,,,,,,,,,,,,,,,,,,,,,,,,,,,,,,,,,,,,,,,,,,,,,,,
435,6,2026-03-27 14:30:19,2026-03-27 14:31:02,3,,,,,,,,,,,,,,,,,,,,,,,,,,,,,,,,,,,,,,,,,,,,,,,
436,13,2026-03-27 14:30:49,2026-03-27 14:39:51,2,,,,,,,,,,-10.0,-10.0,-8.0,-4.0,0.0,0.0,8.0,9.0,-10.0,,,,,,,,,,,,,,,,,,,7.0,1.0,60.0,2.0,110.0,62.0,1.0,1250.0,5.0,10.0,3.0
437,2,2026-03-27 14:31:48,2026-03-27 14:31:48,3,,,,,,,,,,,,,,,,,,,,,,,,,,,,,,,,,,,,,,,,,,,,,,,
438,6,2026-03-27 14:42:53,2026-03-27 14:43:09,3,,,,,,,,,,,,,,,,,,,,,,,,,,,,,,,,,,,,,,,,,,,,,,,
439,8,2026-03-27 14:46:07,2026-03-27 14:50:50,1,-100.0,-75.0,-50.0,-25.0,0.0,125.0,150.0,175.0,200.0,,,,,,,,,,,,,,,,,,,,,,,,,,,,,,,,,,,,,,
440,13,2026-03-27 14:59:48,2026-03-27 15:04:20,3,,,,,,,,,,,,,,,,,,,80.0,80.0,80.0,60.0,80.0,80.0,80.0,90.0,90.0,,,,,,,,,,7.0,1.0,40.0,1.0,45.0,50.0,1.0,1000.0,5.0,13.0,3.0
441,6,2026-03-27 15:00:34,2026-03-27 15:03:41,3,,,,,,,,,,,,,,,,,,,,,,,,,,,,,,,,,,,,,,,,,,,,,,,
442,6,2026-03-27 15:04:20,2026-03-27 15:04:39,3,,,,,,,,,,,,,,,,,,,,,,,,,,,,,,,,,,,,,,,,,,,,,,,
443,13,2026-03-27 15:07:56,2026-03-27 15:16:48,2,,,,,,,,,,-10.0,-9.0,-8.0,-3.0,0.0,6.0,14.0,16.0,18.0,,,,,,,,,,,,,,,,,,,7.0,1.0,40.0,2.0,120.0,60.0,3.0,4900.0,8.0,9.0,4.0
444,13,2026-03-27 15:16:47,2026-03-27 15:24:21,3,,,,,,,,,,,,,,,,,,,50.0,60.0,40.0,20.0,100.0,120.0,140.0,60.0,80.0,,,,,,,,,,7.0,1.0,30.0,2.0,120.0,69.0,1.0,0.0,4.0,1.0,3.0
445,2,2026-03-27 15:17:59,2026-03-27 15:17:59,1,,,,,,,,,,,,,,,,,,,,,,,,,,,,,,,,,,,,,,,,,,,,,,,
446,13,2026-03-27 15:22:50,2026-03-27 15:28:26,3,,,,,,,,,,,,,,,,,,,-8.0,-6.0,-4.0,-2.0,0.0,2.0,4.0,6.0,8.0,,,,,,,,,,7.0,1.0,50.0,1.0,71.0,45.0,3.0,3200.0,8.0,1.0,5.0
447,13,2026-03-27 15:26:30,2026-03-27 15:30:12,1,-80.0,-20.0,-5.0,-1.0,0.0,1.0,5.0,10.0,80.0,,,,,,,,,,,,,,,,,,,,,,,,,,,,7.0,1.0,65.0,4.0,80.0,21.0,3.0,350.0,4.0,10.0,4.0
448,13,2026-03-27 15:40:09,2026-03-27 15:47:58,4,,,,,,,,,,,,,,,,,,,,,,,,,,,,-10.0,-8.0,-7.0,-6.0,4.0,8.0,10.0,12.0,20.0,7.0,1.0,50.0,2.0,59.0,70.0,3.0,1150.0,3.0,16.0,3.0
449,10,2026-03-27 15:48:40,2026-03-27 15:52:11,4,,,,,,,,,,,,,,,,,,,,,,,,,,,,-10.0,-7.0,-4.0,-1.0,0.0,2.0,5.0,10.0,8.0,7.0,0.0,,,,,,,,,
450,2,2026-03-27 15:48:55,2026-03-27 15:48:55,3,,,,,,,,,,,,,,,,,,,,,,,,,,,,,,,,,,,,,,,,,,,,,,,
451,2,2026-03-27 15:49:33,2026-03-27 15:49:33,3,,,,,,,,,,,,,,,,,,,,,,,,,,,,,,,,,,,,,,,,,,,,,,,
452,10,2026-03-27 15:49:33,2026-03-27 15:52:15,2,,,,,,,,,,20.0,100.0,120.0,140.0,160.0,180.0,200.0,220.0,240.0,,,,,,,,,,,,,,,,,,,5.0,0.0,,,,,,,,,
453,13,2026-03-27 15:52:42,2026-03-27 15:57:41,4,,,,,,,,,,,,,,,,,,,,,,,,,,,,-4.0,-2.0,-1.0,0.0,0.0,2.0,4.0,6.0,10.0,7.0,1.0,40.0,5.0,200.0,55.0,3.0,3900.0,8.0,4.0,3.0
454,13,2026-03-27 15:54:06,2026-03-27 15:58:03,1,-9999999999999.0,-999999999999.0,-500.0,-400.0,0.0,100.0,110.0,120.0,1000.0,,,,,,,,,,,,,,,,,,,,,,,,,,,,7.0,1.0,50.0,1.0,78.0,29.0,3.0,3000.0,6.0,16.0,4.0
455,7,2026-03-27 16:00:09,2026-03-27 16:00:19,4,,,,,,,,,,,,,,,,,,,,,,,,,,,,,,,,,,,,,,,,,,,,,,,
456,6,2026-03-27 16:00:22,2026-03-27 16:00:42,3,,,,,,,,,,,,,,,,,,,,,,,,,,,,,,,,,,,,,,,,,,,,,,,
457,13,2026-03-27 16:14:18,2026-03-27 16:19:09,2,,,,,,,,,,-10.0,-8.0,-6.0,-2.0,0.0,2.0,5.0,8.0,10.0,,,,,,,,,,,,,,,,,,,7.0,1.0,55.0,1.0,50.0,35.0,1.0,2200.0,8.0,13.0,4.0
458,7,2026-03-27 16:15:19,2026-03-27 16:15:44,4,,,,,,,,,,,,,,,,,,,,,,,,,,,,,,,,,,,,,,,,,,,,,,,
459,3,2026-03-27 16:16:25,2026-03-27 16:16:43,4,,,,,,,,,,,,,,,,,,,,,,,,,,,,,,,,,,,,,,,,,,,,,,,
460,13,2026-03-27 16:19:29,2026-03-27 16:22:12,4,,,,,,,,,,,,,,,,,,,,,,,,,,,,30.0,60.0,40.0,30.0,80.0,20.0,30.0,50.0,80.0,7.0,1.0,90.0,3.0,120.0,34.0,1.0,1500.0,3.0,9.0,4.0
461,10,2026-03-27 16:23:09,2026-03-27 16:26:53,4,,,,,,,,,,,,,,,,,,,,,,,,,,,,0.0,25.0,50.0,75.0,100.0,120.0,150.0,180.0,200.0,5.0,1.0,,,,,,,,,
462,10,2026-03-27 16:32:55,2026-03-27 16:36:31,2,,,,,,,,,,80.0,80.0,80.0,80.0,80.0,100.0,120.0,140.0,160.0,,,,,,,,,,,,,,,,,,,7.0,0.0,,,,,,,,,
463,2,2026-03-27 16:35:28,2026-03-27 16:35:28,2,,,,,,,,,,,,,,,,,,,,,,,,,,,,,,,,,,,,,,,,,,,,,,,
464,10,2026-03-27 16:45:11,2026-03-27 16:46:03,4,,,,,,,,,,,,,,,,,,,,,,,,,,,,30.0,40.0,40.0,40.0,40.0,30.0,20.0,30.0,40.0,7.0,0.0,,,,,,,,,
465,3,2026-03-27 16:47:11,2026-03-27 16:47:20,3,,,,,,,,,,,,,,,,,,,,,,,,,,,,,,,,,,,,,,,,,,,,,,,
466,13,2026-03-27 16:51:09,2026-03-27 16:56:02,2,,,,,,,,,,-1.0,-1.0,-1.0,0.0,1.0,2.0,3.0,4.0,5.0,,,,,,,,,,,,,,,,,,,7.0,1.0,20.0,2.0,60.0,63.0,3.0,2000.0,5.0,4.0,4.0
467,7,2026-03-27 16:54:43,2026-03-27 16:54:52,4,,,,,,,,,,,,,,,,,,,,,,,,,,,,,,,,,,,,,,,,,,,,,,,
468,10,2026-03-27 16:56:17,2026-03-27 16:57:54,1,-80.0,-60.0,-40.0,-20.0,0.0,20.0,40.0,60.0,80.0,,,,,,,,,,,,,,,,,,,,,,,,,,,,1.0,1.0,,,,,,,,,
469,6,2026-03-27 16:59:04,2026-03-27 16:59:13,3,,,,,,,,,,,,,,,,,,,,,,,,,,,,,,,,,,,,,,,,,,,,,,,
470,7,2026-03-27 16:59:06,2026-03-27 16:59:19,4,,,,,,,,,,,,,,,,,,,,,,,,,,,,,,,,,,,,,,,,,,,,,,,
471,13,2026-03-27 17:06:39,2026-03-27 17:10:54,3,,,,,,,,,,,,,,,,,,,0.0,20.0,40.0,60.0,80.0,100.0,120.0,140.0,160.0,,,,,,,,,,7.0,1.0,40.0,3.0,79.0,35.0,3.0,1850.0,3.0,8.0,2.0
472,10,2026-03-27 17:08:43,2026-03-27 17:18:36,2,,,,,,,,,,-100.0,-20.0,-10.0,0.0,0.0,0.0,-10.0,-20.0,-20.0,,,,,,,,,,,,,,,,,,,7.0,0.0,,,,,,,,,
473,13,2026-03-27 17:10:39,2026-03-27 17:17:47,2,,,,,,,,,,-100.0,-80.0,-60.0,-20.0,0.0,20.0,40.0,60.0,80.0,,,,,,,,,,,,,,,,,,,7.0,1.0,50.0,2.0,130.0,45.0,1.0,4000.0,5.0,6.0,4.0
474,13,2026-03-27 17:13:27,2026-03-27 17:17:22,4,,,,,,,,,,,,,,,,,,,,,,,,,,,,10.0,10.0,10.0,10.0,2.0,1.0,0.0,10.0,5.0,7.0,1.0,30.0,2.0,92.0,70.0,1.0,1800.0,7.0,8.0,3.0
475,2,2026-03-27 17:18:35,2026-03-27 17:18:35,1,,,,,,,,,,,,,,,,,,,,,,,,,,,,,,,,,,,,,,,,,,,,,,,
476,13,2026-03-27 17:20:05,2026-03-27 17:29:59,2,,,,,,,,,,-100.0,-100.0,-80.0,-50.0,0.0,20.0,80.0,100.0,100.0,,,,,,,,,,,,,,,,,,,7.0,1.0,50.0,1.0,40.0,42.0,3.0,2430.0,4.0,15.0,2.0
477,2,2026-03-27 17:20:37,2026-03-27 17:20:37,4,,,,,,,,,,,,,,,,,,,,,,,,,,,,,,,,,,,,,,,,,,,,,,,
478,13,2026-03-27 17:25:31,2026-03-27 17:29:38,2,,,,,,,,,,-100.0,-80.0,-20.0,0.0,100.0,100.0,100.0,100.0,10000.0,,,,,,,,,,,,,,,,,,,7.0,1.0,40.0,3.0,82.0,48.0,3.0,2500.0,3.0,15.0,5.0
479,13,2026-03-27 17:27:36,2026-03-27 17:34:37,3,,,,,,,,,,,,,,,,,,,0.0,60.0,40.0,60.0,80.0,100.0,120.0,60.0,160.0,,,,,,,,,,7.0,1.0,30.0,1.0,110.0,66.0,1.0,800.0,5.0,4.0,4.0
480,13,2026-03-27 17:38:24,2026-03-27 17:44:25,4,,,,,,,,,,,,,,,,,,,,,,,,,,,,-4.0,-3.0,-2.0,-1.0,1.0,0.0,-3.0,-5.0,-6.0,7.0,1.0,60.0,2.0,130.0,55.0,3.0,3500.0,7.0,9.0,3.0
481,13,2026-03-27 17:47:18,2026-03-27 17:57:36,4,,,,,,,,,,,,,,,,,,,,,,,,,,,,-80.0,-60.0,-40.0,-20.0,0.0,20.0,40.0,60.0,80.0,7.0,1.0,50.0,1.0,76.0,56.0,3.0,1500.0,3.0,2.0,6.0
482,10,2026-03-27 17:51:17,2026-03-27 17:52:55,4,,,,,,,,,,,,,,,,,,,,,,,,,,,,0.0,0.0,0.0,50.0,50.0,50.0,0.0,0.0,20.0,7.0,0.0,,,,,,,,,
483,13,2026-03-27 17:52:19,2026-03-27 17:57:47,4,,,,,,,,,,,,,,,,,,,,,,,,,,,,-100.0,-80.0,-60.0,-30.0,-10.0,-10.0,-30.0,-100.0,-50.0,7.0,1.0,45.0,2.0,120.0,28.0,3.0,3400.0,8.0,10.0,4.0
484,4,2026-03-27 17:54:15,2026-03-27 17:54:30,1,,,,,,,,,,,,,,,,,,,,,,,,,,,,,,,,,,,,,,,,,,,,,,,
485,3,2026-03-27 18:00:19,2026-03-27 18:00:27,1,,,,,,,,,,,,,,,,,,,,,,,,,,,,,,,,,,,,,,,,,,,,,,,
486,7,2026-03-27 18:05:38,2026-03-27 18:06:07,4,,,,,,,,,,,,,,,,,,,,,,,,,,,,,,,,,,,,,,,,,,,,,,,
487,6,2026-03-27 18:07:38,2026-03-27 18:07:53,3,,,,,,,,,,,,,,,,,,,,,,,,,,,,,,,,,,,,,,,,,,,,,,,
488,13,2026-03-27 18:20:13,2026-03-27 18:23:15,2,,,,,,,,,,0.0,20.0,50.0,70.0,100.0,100.0,100.0,100.0,100.0,,,,,,,,,,,,,,,,,,,7.0,1.0,40.0,1.0,55.0,24.0,1.0,2070.0,5.0,7.0,5.0
489,4,2026-03-27 18:34:54,2026-03-27 18:35:30,1,,,,,,,,,,,,,,,,,,,,,,,,,,,,,,,,,,,,,,,,,,,,,,,
490,10,2026-03-27 18:48:54,2026-03-27 19:10:55,3,,,,,,,,,,,,,,,,,,,0.0,20.0,40.0,60.0,80.0,100.0,120.0,140.0,160.0,,,,,,,,,,7.0,0.0,,,,,,,,,
491,4,2026-03-27 18:57:19,2026-03-27 18:57:43,1,,,,,,,,,,,,,,,,,,,,,,,,,,,,,,,,,,,,,,,,,,,,,,,
492,2,2026-03-27 18:57:26,2026-03-27 18:57:26,4,,,,,,,,,,,,,,,,,,,,,,,,,,,,,,,,,,,,,,,,,,,,,,,
493,13,2026-03-27 18:59:53,2026-03-27 19:06:19,2,,,,,,,,,,-100.0,-80.0,-50.0,-20.0,0.0,20.0,50.0,80.0,100.0,,,,,,,,,,,,,,,,,,,7.0,1.0,50.0,2.0,182.0,64.0,3.0,0.0,6.0,4.0,6.0
494,13,2026-03-27 19:01:36,2026-03-27 19:05:55,1,80.0,60.0,40.0,20.0,0.0,-20.0,-40.0,-60.0,-80.0,,,,,,,,,,,,,,,,,,,,,,,,,,,,7.0,1.0,55.0,1.0,65.0,51.0,1.0,2250.0,8.0,14.0,1.0
495,13,2026-03-27 19:10:30,2026-03-27 19:19:04,2,,,,,,,,,,-10.0,-8.0,-6.0,-4.0,0.0,2.0,4.0,6.0,8.0,,,,,,,,,,,,,,,,,,,7.0,1.0,60.0,4.0,120.0,34.0,3.0,5000.0,8.0,10.0,2.0
496,13,2026-03-27 19:13:40,2026-03-27 19:16:54,1,-5.0,1.0,3.0,5.0,100.0,120.0,140.0,160.0,180.0,,,,,,,,,,,,,,,,,,,,,,,,,,,,7.0,1.0,50.0,2.0,48.0,23.0,3.0,600.0,3.0,9.0,5.0
497,13,2026-03-27 19:28:20,2026-03-27 19:37:23,1,-100.0,-75.0,-50.0,-25.0,0.0,25.0,50.0,75.0,100.0,,,,,,,,,,,,,,,,,,,,,,,,,,,,7.0,1.0,30.0,4.0,140.0,56.0,3.0,6000.0,11.0,1.0,2.0
498,7,2026-03-27 19:33:20,2026-03-27 19:33:34,4,,,,,,,,,,,,,,,,,,,,,,,,,,,,,,,,,,,,,,,,,,,,,,,
499,13,2026-03-27 19:40:48,2026-03-27 19:44:29,4,,,,,,,,,,,,,,,,,,,,,,,,,,,,0.0,0.0,0.0,100.0,0.0,0.0,0.0,0.0,0.0,7.0,1.0,40.0,2.0,70.0,25.0,1.0,1300.0,5.0,14.0,6.0
